# MOLID,PROTONID,GIBBSGASNEUTRA,GIBBSGASPROTON,EELECGASNEUTRAL,EELECGASPROTON,ESMDNEU,ESMDGAS
0009,9,-83939.58396647,-84156.06724202,-83969.38051166,-84194.80596444,0.00000000,0.00000000
0010,9,-84707.75800114,-84925.96786419,-84750.68944216,-84978.23066353,0.00000000,0.00000000
0012,8,-84700.52336933,-84921.38772517,-84743.23877411,-84973.79850842,0.00000000,0.00000000
0029,9,-108571.67539956,-108795.79561614,-108618.82729632,-108852.17443726,0.00000000,0.00000000
0030,12,-108574.17078092,-108795.28268946,-108620.18516079,-108850.12400935,0.00000000,0.00000000
0031,14,-109338.77875784,-109558.28828194,-109398.10611196,-109627.00930452,0.00000000,0.00000000
0034,14,-109341.04110709,-109562.22704926,-109400.25322524,-109630.66750716,0.00000000,0.00000000
0036,11,-109333.50402173,-109557.51333220,-109392.60856431,-109626.17465441,0.00000000,0.00000000
0037,8,-108567.07505472,-108789.09504553,-108612.85077759,-108844.11181988,0.00000000,0.00000000
0038,8,-109327.96245582,-109552.52482850,-109386.91624306,-109621.30660553,0.00000000,0.00000000
0039,5,-108576.13689525,-108793.10580707,-108622.12915908,-108848.50915893,0.00000000,0.00000000
0040,7,-108578.06619357,-108796.94151842,-108622.74026677,-108851.22599424,0.00000000,0.00000000
0041,7,-107807.59565428,-108020.63186680,-107837.90914292,-108060.21637310,0.00000000,0.00000000
0091,8,-132465.18913769,-132688.26958275,-132514.96110273,-132747.66133683,0.00000000,0.00000000
0092,15,-133209.07060991,-133427.86359290,-133271.27032974,-133499.48682210,0.00000000,0.00000000
0094,15,-133208.71665662,-133433.09331144,-133270.93206496,-133504.09442795,0.00000000,0.00000000
0095,12,-133201.97647131,-133427.68556203,-133263.88534138,-133498.81463467,0.00000000,0.00000000
0096,13,-133204.87018975,-133430.85965822,-133268.23748604,-133503.54254386,0.00000000,0.00000000
0097,10,-133209.12744349,-133434.01257594,-133271.28089019,-133504.96452512,0.00000000,0.00000000
0098,9,-133211.69461828,-133430.07982644,-133274.25040265,-133501.66036842,0.00000000,0.00000000
0099,15,-133205.02971534,-133427.61408865,-133267.53731540,-133498.90824378,0.00000000,0.00000000
0100,12,-132444.96009782,-132665.58209048,-132493.17097973,-132722.64294983,0.00000000,0.00000000
0101,11,-131675.44834988,-131888.71861736,-131709.09654974,-131930.94812977,0.00000000,0.00000000
0102,15,-133969.73550224,-134190.04840857,-134045.48800343,-134275.18478084,0.00000000,0.00000000
0107,15,-133212.41614183,-133432.81762747,-133273.60854213,-133503.11635268,0.00000000,0.00000000
0109,15,-133970.41701575,-134191.03635404,-134046.18307360,-134276.13352647,0.00000000,0.00000000
0110,16,-133973.84463853,-134197.55201000,-134049.45402423,-134282.25468709,0.00000000,0.00000000
0112,13,-132445.47306214,-132664.41248714,-132492.31731697,-132720.37741056,0.00000000,0.00000000
0114,17,-133971.74879278,-134194.35298285,-134047.43635020,-134279.28332150,0.00000000,0.00000000
0116,14,-133964.42597070,-134189.62251126,-134039.94098878,-134274.75347355,0.00000000,0.00000000
0117,11,-133200.03338032,-133424.62023844,-133262.29658959,-133496.01235037,0.00000000,0.00000000
0118,12,-133966.40480466,-134193.30625852,-134041.89488251,-134278.21924350,0.00000000,0.00000000
0119,12,-133211.25804702,-133433.25603106,-133272.22646385,-133503.69702228,0.00000000,0.00000000
0121,11,-133959.46439974,-134187.05422578,-134034.88314331,-134272.15732181,0.00000000,0.00000000
0122,9,-133201.04524019,-133428.33122590,-133264.12238367,-133501.04030664,0.00000000,0.00000000
0123,10,-133201.39324469,-133424.70196534,-133263.73432732,-133496.59846415,0.00000000,0.00000000
0124,10,-133965.39004569,-134192.25278845,-134040.72280600,-134277.11472251,0.00000000,0.00000000
0125,9,-133205.13487974,-133428.46077534,-133266.33612021,-133499.15163575,0.00000000,0.00000000
0126,9,-132433.46152928,-132652.80653909,-132480.00786898,-132708.78458259,0.00000000,0.00000000
0128,6,-133210.64637537,-133430.49198128,-133274.29526676,-133503.40320384,0.00000000,0.00000000
0129,7,-133206.70962236,-133424.97301201,-133269.71497143,-133496.91732966,0.00000000,0.00000000
0131,10,-141779.34381267,-141977.32432209,-141806.54945383,-142012.94006901,0.00000000,0.00000000
0132,8,-133210.79156236,-133428.98064855,-133272.14144463,-133499.67851961,0.00000000,0.00000000
0133,8,-132441.34188771,-132655.03737479,-132488.25125460,-132711.15859561,0.00000000,0.00000000
0198,13,-156499.81128798,-156722.28287264,-156561.15864941,-156793.03991617,0.00000000,0.00000000
0208,10,-155743.88917898,-155967.98627809,-155792.61387442,-156025.26956841,0.00000000,0.00000000
0209,8,-155004.45653303,-155215.16826653,-155038.17677841,-155257.78607778,0.00000000,0.00000000
0210,13,-155741.45432095,-155963.06587805,-155789.44575619,-156019.75721977,0.00000000,0.00000000
0211,11,-155000.75070370,-155210.56234941,-155034.47300536,-155252.94884724,0.00000000,0.00000000
0323,15,-157073.13778868,-157295.35748455,-157139.15108528,-157369.91844142,0.00000000,0.00000000
0324,12,-157068.97801234,-157291.72884523,-157134.43958763,-157366.05284317,0.00000000,0.00000000
0325,15,-157086.96258700,-157315.54232262,-157155.84072181,-157393.55844385,0.00000000,0.00000000
0326,15,-157090.64582597,-157315.39595591,-157158.48925851,-157392.60008749,0.00000000,0.00000000
0327,16,-157087.82489241,-157315.72521041,-157155.40180429,-157392.52119559,0.00000000,0.00000000
0328,12,-157096.27402591,-157321.25523641,-157164.45290386,-157398.18749292,0.00000000,0.00000000
0329,14,-156333.59516533,-156557.45838519,-156386.61827299,-156619.49804203,0.00000000,0.00000000
0330,13,-156338.70634096,-156562.07226542,-156392.09605181,-156624.08084418,0.00000000,0.00000000
0331,15,-157099.30141653,-157324.41206352,-157166.99671297,-157401.69822072,0.00000000,0.00000000
0333,13,-157855.99934124,-158083.32817333,-157938.73827028,-158175.62504675,0.00000000,0.00000000
0337,12,-157077.76517293,-157309.48919801,-157146.56720453,-157387.70559146,0.00000000,0.00000000
0345,14,-157084.40660699,-157313.35484786,-157153.25491755,-157391.61419914,0.00000000,0.00000000
0346,12,-157093.72115835,-157318.07773912,-157161.98295767,-157395.68163293,0.00000000,0.00000000
0350,18,-157840.05923182,-158062.67009860,-157918.99080342,-158151.03078591,0.00000000,0.00000000
0351,17,-157843.34014276,-158063.81783949,-157922.14707972,-158151.64842161,0.00000000,0.00000000
0353,18,-157844.04838192,-158065.01473951,-157923.91261538,-158154.09341155,0.00000000,0.00000000
0354,18,-157841.62498850,-158061.59319731,-157920.13374127,-158149.54739261,0.00000000,0.00000000
0355,18,-157840.68770819,-158061.38331404,-157919.11324958,-158149.23490722,0.00000000,0.00000000
0357,17,-157840.19776720,-158070.29454590,-157919.84655778,-158158.99457916,0.00000000,0.00000000
0358,17,-157840.79395818,-158071.00449189,-157920.38980492,-158159.64277680,0.00000000,0.00000000
0360,15,-157836.21740225,-158066.18596810,-157915.46537427,-158155.05217054,0.00000000,0.00000000
0361,15,-157835.83702451,-158064.62955505,-157913.86704776,-158151.92030964,0.00000000,0.00000000
0363,14,-157096.83401583,-157321.27449469,-157163.28066648,-157397.00318988,0.00000000,0.00000000
0365,16,-157837.54827566,-158064.57400786,-157917.28647676,-158153.52319393,0.00000000,0.00000000
0366,16,-157841.57886024,-158063.33602476,-157921.29941011,-158152.42577574,0.00000000,0.00000000
0372,13,-157840.14055712,-158068.88798224,-157919.66988740,-158157.72050603,0.00000000,0.00000000
0374,14,-157839.94469242,-158059.08067237,-157919.19917960,-158147.32366728,0.00000000,0.00000000
0375,13,-157833.56182385,-158062.35794375,-157912.93114470,-158151.28764465,0.00000000,0.00000000
0379,11,-166450.55922041,-166681.41812883,-166495.64995994,-166735.27315536,0.00000000,0.00000000
0385,11,-157841.57331305,-158070.06068547,-157919.98959167,-158157.23903776,0.00000000,0.00000000
0386,11,-157080.90884742,-157303.30767857,-157145.39523873,-157376.30002475,0.00000000,0.00000000
0387,11,-156308.98410391,-156528.02067372,-156358.76843870,-156586.40082139,0.00000000,0.00000000
0392,12,-157843.22192615,-158065.88655798,-157923.16208040,-158154.87477447,0.00000000,0.00000000
0393,12,-157099.06572377,-157324.75523619,-157165.11327429,-157400.40416667,0.00000000,0.00000000
0399,18,-157840.09852650,-158059.60944995,-157918.78733160,-158147.70331006,0.00000000,0.00000000
0401,15,-157075.89726391,-157304.15576461,-157141.01794932,-157378.99781270,0.00000000,0.00000000
0403,17,-157838.31336095,-158064.62021770,-157916.95282890,-158152.06189112,0.00000000,0.00000000
0404,15,-157833.04355079,-158059.82237664,-157911.50278554,-158147.41550588,0.00000000,0.00000000
0405,15,-157835.70149490,-158062.57334283,-157915.59586267,-158151.74920108,0.00000000,0.00000000
0406,14,-157077.08862302,-157301.90984985,-157142.64616634,-157376.69035903,0.00000000,0.00000000
0407,11,-156307.04383044,-156527.35605906,-156358.16011213,-156587.48240110,0.00000000,0.00000000
0408,14,-157840.03136410,-158066.05921736,-157918.67775471,-158153.53208139,0.00000000,0.00000000
0409,12,-157841.19163009,-158061.05556557,-157920.32108020,-158149.21340337,0.00000000,0.00000000
0410,17,-157836.12736711,-158059.29625971,-157915.07017722,-158147.09297894,0.00000000,0.00000000
0411,15,-157076.60917400,-157298.16945726,-157141.07930923,-157371.46475361,0.00000000,0.00000000
0412,13,-156306.35258425,-156525.62068643,-156356.29886920,-156584.32327864,0.00000000,0.00000000
0413,15,-157079.74300915,-157304.08651888,-157144.17526959,-157377.27206714,0.00000000,0.00000000
0414,15,-157080.56246190,-157301.11299372,-157144.91027615,-157374.25431859,0.00000000,0.00000000
0415,17,-157835.23440156,-158059.57403956,-157914.03489459,-158147.28468188,0.00000000,0.00000000
0416,14,-156313.51905592,-156533.07254965,-156363.68737895,-156591.63270924,0.00000000,0.00000000
0417,18,-158600.77876772,-158821.53188487,-158692.96546943,-158923.09095733,0.00000000,0.00000000
0426,16,-157845.26397546,-158065.64479093,-157922.81242342,-158152.49860267,0.00000000,0.00000000
0427,16,-157847.19159833,-158069.49056754,-157924.55155268,-158155.67389725,0.00000000,0.00000000
0431,18,-157844.89639266,-158064.08743661,-157922.43539758,-158150.75721346,0.00000000,0.00000000
0434,18,-158600.61090252,-158821.58085575,-158692.83585113,-158923.13197391,0.00000000,0.00000000
0435,18,-157846.90659584,-158070.62629161,-157924.25864431,-158157.04603955,0.00000000,0.00000000
0437,18,-158601.59939393,-158823.50812721,-158693.96875972,-158925.01784173,0.00000000,0.00000000
0439,20,-158601.69653875,-158825.76691848,-158694.06554553,-158927.12044084,0.00000000,0.00000000
0443,15,-157078.32004237,-157300.66741142,-157141.56608439,-157372.93289861,0.00000000,0.00000000
0445,18,-157844.77391525,-158066.45765483,-157922.53443835,-158153.36866219,0.00000000,0.00000000
0447,18,-157844.06694994,-158063.87577749,-157922.05229642,-158150.63974738,0.00000000,0.00000000
0449,18,-158600.44324440,-158821.91979900,-158692.77243732,-158923.43444059,0.00000000,0.00000000
0450,20,-158603.21677585,-158828.55945094,-158695.51264256,-158929.76736937,0.00000000,0.00000000
0454,20,-158602.70796564,-158826.09740290,-158694.81367493,-158927.48625993,0.00000000,0.00000000
0456,16,-158595.40711897,-158821.33420667,-158687.33631316,-158922.87577205,0.00000000,0.00000000
0457,16,-158596.08757826,-158824.25064725,-158687.90482434,-158925.52483042,0.00000000,0.00000000
0470,14,-157830.94885966,-158056.59286505,-157909.63337379,-158144.46042800,0.00000000,0.00000000
0471,12,-157071.17586612,-157295.03900440,-157135.43756647,-157368.38346273,0.00000000,0.00000000
0472,10,-156299.24308420,-156519.72753294,-156348.89572175,-156578.36875026,0.00000000,0.00000000
0473,14,-157829.92411701,-158057.89083184,-157908.33497462,-158145.60469227,0.00000000,0.00000000
0474,14,-158597.33329857,-158825.34205029,-158689.22887751,-158926.73540532,0.00000000,0.00000000
0475,13,-157844.16173532,-158067.24977953,-157922.16364457,-158154.23675114,0.00000000,0.00000000
0476,15,-157073.07422820,-157293.21965838,-157136.16448469,-157365.31880451,0.00000000,0.00000000
0477,14,-158589.86860903,-158819.98353532,-158681.65440090,-158921.62678677,0.00000000,0.00000000
0478,15,-157842.04423420,-158061.69607130,-157919.83778076,-158148.79265181,0.00000000,0.00000000
0479,15,-157073.02845134,-157293.53540887,-157136.56187630,-157366.47555994,0.00000000,0.00000000
0480,15,-158602.30386803,-158826.29240791,-158694.54522157,-158927.72678139,0.00000000,0.00000000
0481,15,-157841.96233160,-158063.77835028,-157920.16771746,-158151.01969044,0.00000000,0.00000000
0482,15,-157071.59691905,-157289.83477532,-157134.83479101,-157362.24596287,0.00000000,0.00000000
0483,14,-158590.31733516,-158818.95800828,-158682.12308742,-158920.49662587,0.00000000,0.00000000
0503,12,-157834.90386066,-158062.89661716,-157913.31216312,-158150.42454078,0.00000000,0.00000000
0504,12,-157831.54335009,-158061.07024930,-157910.03625544,-158148.71108085,0.00000000,0.00000000
0505,13,-157836.16311636,-158060.45937459,-157915.10765864,-158148.64414016,0.00000000,0.00000000
0506,13,-157839.82611186,-158061.00953143,-157919.18052591,-158149.17611920,0.00000000,0.00000000
0508,13,-157845.04200008,-158067.42803630,-157923.04796717,-158154.18969467,0.00000000,0.00000000
0509,13,-157843.70295649,-158065.02538836,-157921.45791297,-158152.02319636,0.00000000,0.00000000
0511,12,-158590.87645912,-158821.32843358,-158682.64712347,-158922.60337943,0.00000000,0.00000000
0512,12,-158598.63813658,-158827.76706896,-158690.47711818,-158928.88097657,0.00000000,0.00000000
0513,12,-157838.05283762,-158064.15417857,-157915.64599767,-158151.12787952,0.00000000,0.00000000
0514,13,-157066.41122034,-157288.72744607,-157129.35531474,-157360.99345708,0.00000000,0.00000000
0531,10,-157833.53074328,-158063.40456140,-157911.60604098,-158150.70510029,0.00000000,0.00000000
0532,10,-157072.14008544,-157298.10383854,-157136.07497361,-157371.45030629,0.00000000,0.00000000
0533,10,-156301.70894749,-156521.90866357,-156351.26167822,-156580.45512978,0.00000000,0.00000000
0537,10,-157850.04122164,-158077.91025199,-157930.72366807,-158169.02337672,0.00000000,0.00000000
0538,10,-157092.73655124,-157319.03685051,-157158.57542109,-157394.87677320,0.00000000,0.00000000
0544,11,-157834.28854946,-158059.24680564,-157912.83080266,-158147.36266080,0.00000000,0.00000000
0546,10,-157835.66235083,-158061.48882985,-157915.55192033,-158150.97202753,0.00000000,0.00000000
0547,10,-157835.88932119,-158060.23690975,-157914.70561038,-158148.45632003,0.00000000,0.00000000
0549,11,-157833.59653771,-158060.10773054,-157912.66393079,-158148.70095890,0.00000000,0.00000000
0550,10,-157825.92835296,-158051.96934627,-157904.58804810,-158141.16404466,0.00000000,0.00000000
0552,10,-157831.60368517,-158058.32164255,-157909.13029114,-158145.58519680,0.00000000,0.00000000
0553,10,-157060.04897175,-157283.56669716,-157123.00205558,-157356.10831713,0.00000000,0.00000000
0554,10,-158596.67360985,-158825.87940593,-158688.48849302,-158927.19736956,0.00000000,0.00000000
0555,10,-157837.08241223,-158063.29838671,-157914.66740028,-158150.20964863,0.00000000,0.00000000
0557,10,-157839.76026723,-158066.57563299,-157917.16730625,-158153.41558678,0.00000000,0.00000000
0558,10,-158595.95853083,-158822.15547293,-158687.92802457,-158923.67230235,0.00000000,0.00000000
0559,11,-157839.73124489,-158064.17892129,-157917.20089048,-158150.88145871,0.00000000,0.00000000
0561,11,-157836.37904882,-158060.33498956,-157913.92550792,-158147.44613299,0.00000000,0.00000000
0562,10,-157066.75550998,-157286.66992236,-157129.87606697,-157359.21137243,0.00000000,0.00000000
0570,11,-167173.14651728,-167381.09764604,-167229.85279365,-167446.88024536,0.00000000,0.00000000
0587,9,-157081.11244304,-157298.41961413,-157145.54375209,-157372.17551340,0.00000000,0.00000000
0588,7,-156311.63690871,-156524.74666540,-156361.45597351,-156583.89636758,0.00000000,0.00000000
0590,7,-157858.40304967,-158079.72835554,-157939.23694186,-158170.83940990,0.00000000,0.00000000
0591,9,-156345.72268087,-156565.28117586,-156397.54813309,-156626.71157587,0.00000000,0.00000000
0592,7,-157102.96478853,-157325.32087997,-157169.74745758,-157401.56210442,0.00000000,0.00000000
0593,9,-157101.96656445,-157325.99175719,-157168.51227722,-157401.75408118,0.00000000,0.00000000
0603,9,-157839.42775596,-158060.76608266,-157919.57544713,-158150.28144291,0.00000000,0.00000000
0610,9,-157838.52537775,-158059.07353131,-157917.75760396,-158147.65833024,0.00000000,0.00000000
0614,7,-157082.89197355,-157301.74117516,-157146.81659369,-157374.60324896,0.00000000,0.00000000
0615,7,-156310.82399460,-156527.75401962,-156359.74686515,-156585.72155387,0.00000000,0.00000000
0616,9,-155538.10125289,-155749.69177650,-155572.31842750,-155792.77472396,0.00000000,0.00000000
0617,9,-157089.96638324,-157310.25624740,-157153.74410837,-157383.23483179,0.00000000,0.00000000
0619,9,-157086.36108729,-157307.85124003,-157150.49780568,-157381.48616502,0.00000000,0.00000000
0620,9,-156316.02459668,-156535.88811172,-156365.00704011,-156594.36480306,0.00000000,0.00000000
0623,9,-157841.74442875,-158060.99887004,-157919.54341152,-158148.15509371,0.00000000,0.00000000
0624,9,-157071.96191652,-157290.64887542,-157135.40236723,-157363.49116639,0.00000000,0.00000000
0633,9,-166404.12526254,-166611.77329141,-166447.32646115,-166663.75507062,0.00000000,0.00000000
0961,16,-180386.94118490,-180607.68668408,-180454.86815785,-180684.95198982,0.00000000,0.00000000
0963,9,-179609.14933584,-179824.11934593,-179660.07206944,-179883.65215773,0.00000000,0.00000000
0964,10,-179631.45236528,-179851.11281182,-179684.72363698,-179913.68255935,0.00000000,0.00000000
0965,12,-179628.87663126,-179847.48023173,-179682.22201429,-179909.52362335,0.00000000,0.00000000
0975,14,-180377.30865540,-180592.49256482,-180441.37836708,-180665.60330873,0.00000000,0.00000000
0982,11,-179634.38244793,-179843.58475633,-179683.93976369,-179901.31049633,0.00000000,0.00000000
0983,12,-180377.94453011,-180602.38943291,-180442.89137405,-180676.68510654,0.00000000,0.00000000
0985,12,-179638.56054756,-179853.88892233,-179688.53179891,-179912.79374452,0.00000000,0.00000000
0989,16,-180378.12305043,-180592.91996816,-180441.95275246,-180665.99534659,0.00000000,0.00000000
1013,15,-181137.97482158,-181358.11234514,-181215.38022611,-181444.81201902,0.00000000,0.00000000
1019,17,-181144.52545494,-181369.69289786,-181222.27781971,-181456.73606105,0.00000000,0.00000000
1038,13,-179640.56076706,-179856.06697817,-179690.28224812,-179914.29119372,0.00000000,0.00000000
1039,16,-180376.67342075,-180603.26338492,-180441.17937714,-180676.77563355,0.00000000,0.00000000
1040,16,-181134.16664537,-181357.68540616,-181211.85244090,-181444.76291331,0.00000000,0.00000000
1051,10,-179627.02520693,-179837.47526877,-179676.33476105,-179895.37654979,0.00000000,0.00000000
1057,11,-180368.05511056,-180586.75146328,-180432.17220616,-180660.16420818,0.00000000,0.00000000
1062,10,-180383.87332617,-180598.39618518,-180446.21546720,-180669.98488808,0.00000000,0.00000000
1064,11,-181134.82252509,-181365.30688534,-181212.59875030,-181452.60224421,0.00000000,0.00000000
1068,11,-180389.55458835,-180609.17472364,-180452.20923594,-180681.36560928,0.00000000,0.00000000
1069,11,-181125.50784823,-181353.32532235,-181203.02799996,-181440.49730691,0.00000000,0.00000000
1074,16,-180368.70132663,-180584.84964362,-180432.46167846,-180657.79110169,0.00000000,0.00000000
1075,13,-180366.43121508,-180590.69292889,-180431.45724638,-180664.49746137,0.00000000,0.00000000
1076,16,-180365.29092901,-180590.90447506,-180429.72090439,-180664.32277441,0.00000000,0.00000000
1077,18,-181130.13713383,-181351.67287517,-181207.68486399,-181438.67398772,0.00000000,0.00000000
1078,14,-180377.12359015,-180600.34482336,-180441.04363686,-180673.36810249,0.00000000,0.00000000
1080,14,-180378.74534582,-180601.28032781,-180442.55783546,-180674.39672630,0.00000000,0.00000000
1082,16,-181133.06569790,-181357.67498949,-181210.56732362,-181444.78207803,0.00000000,0.00000000
1084,18,-181132.38348157,-181357.84680173,-181210.11696162,-181444.84037853,0.00000000,0.00000000
1096,9,-179639.24984219,-179857.48134178,-179691.15870673,-179918.46131507,0.00000000,0.00000000
1098,9,-180376.17574257,-180597.86875675,-180441.34521587,-180672.81291723,0.00000000,0.00000000
1100,9,-180372.62975886,-180587.22419166,-180437.50011149,-180661.87536119,0.00000000,0.00000000
1103,9,-180373.68449022,-180589.33511648,-180438.00167105,-180662.89167815,0.00000000,0.00000000
1113,9,-180378.67595576,-180597.60948216,-180442.68423507,-180670.80154866,0.00000000,0.00000000
1122,14,-180392.07451791,-180620.96514081,-180459.06299002,-180697.20727726,0.00000000,0.00000000
1123,12,-179654.16082267,-179868.17649044,-179705.96837136,-179929.15649460,0.00000000,0.00000000
1127,15,-180373.87039006,-180603.72100913,-180439.41492829,-180678.57300648,0.00000000,0.00000000
1128,13,-179629.05248466,-179844.63511394,-179679.27636506,-179903.66458645,0.00000000,0.00000000
1129,14,-180372.62040896,-180598.97455487,-180437.96139671,-180673.51936592,0.00000000,0.00000000
1130,12,-179629.04208682,-179844.36438730,-179679.47213188,-179903.64630264,0.00000000,0.00000000
1131,16,-180372.98354273,-180597.58004567,-180437.52869177,-180671.02027507,0.00000000,0.00000000
1132,14,-179629.09753361,-179846.62410729,-179678.58492092,-179904.93204068,0.00000000,0.00000000
1143,12,-180367.51231441,-180590.19801176,-180431.65343550,-180663.24316409,0.00000000,0.00000000
1144,10,-179623.46255656,-179834.83460001,-179672.32677412,-179893.24136510,0.00000000,0.00000000
1515,14,-180976.87887933,-181206.31928884,-181049.49408900,-181288.20184001,0.00000000,0.00000000
1516,12,-180936.07359203,-181167.91784175,-181007.81046645,-181248.85851436,0.00000000,0.00000000
1517,16,-180948.45144641,-181173.24890316,-181020.40828562,-181253.97638815,0.00000000,0.00000000
1519,17,-180944.85432691,-181173.73739459,-181016.57253987,-181254.39653390,0.00000000,0.00000000
1521,15,-180893.61806011,-181112.91768839,-180963.80203457,-181191.38503663,0.00000000,0.00000000
1522,16,-180955.38097659,-181182.13684812,-181026.21303150,-181261.94937062,0.00000000,0.00000000
1523,16,-180982.20992191,-181210.10804989,-181054.82835260,-181291.94769952,0.00000000,0.00000000
1524,17,-180982.42862169,-181211.02212488,-181054.83211211,-181292.32521916,0.00000000,0.00000000
1528,17,-180944.41339446,-181177.72068374,-181016.35355003,-181258.72105843,0.00000000,0.00000000
1532,11,-180957.35366722,-181181.91852484,-181028.21789553,-181262.20515283,0.00000000,0.00000000
1535,16,-181703.44152108,-181930.39127438,-181786.97414358,-182023.12337299,0.00000000,0.00000000
1536,18,-181704.48194521,-181927.99746178,-181786.85528453,-182019.20465223,0.00000000,0.00000000
1537,15,-181699.32634815,-181925.91618054,-181781.52501532,-182017.17763980,0.00000000,0.00000000
1538,14,-181705.24781489,-181926.89479493,-181787.62614117,-182018.16717446,0.00000000,0.00000000
1539,19,-181737.83489237,-181967.98035957,-181824.53258826,-182064.12423500,0.00000000,0.00000000
1540,16,-181719.88026877,-181949.00937057,-181804.97466921,-182043.84828473,0.00000000,0.00000000
1542,19,-181739.95501648,-181970.17672615,-181826.76339234,-182066.25269641,0.00000000,0.00000000
1543,18,-181723.00196787,-181953.95098045,-181809.30387354,-182049.44632586,0.00000000,0.00000000
1544,13,-181701.49775865,-181932.12479585,-181787.08930818,-182026.98421995,0.00000000,0.00000000
1545,15,-181719.86784408,-181948.99789969,-181806.20016318,-182044.91051963,0.00000000,0.00000000
1546,12,-181708.41147558,-181937.96609191,-181793.25154227,-182032.79416393,0.00000000,0.00000000
1550,13,-181712.50966182,-181947.79424139,-181798.57458180,-182043.60246728,0.00000000,0.00000000
1551,10,-181699.23261071,-181930.83364383,-181784.68104742,-182025.55792719,0.00000000,0.00000000
1552,16,-181702.10283517,-181931.64815808,-181787.55722129,-182026.61761264,0.00000000,0.00000000
1555,14,-180977.55644580,-181205.79770880,-181049.67599161,-181287.05405047,0.00000000,0.00000000
1556,14,-180977.55649600,-181205.79786568,-181049.67599194,-181287.05401556,0.00000000,0.00000000
1561,11,-181705.16530988,-181929.32850462,-181788.46835837,-182021.56428106,0.00000000,0.00000000
1562,12,-181702.19014064,-181928.76754205,-181785.13707954,-182020.82634045,0.00000000,0.00000000
1563,11,-181725.49348378,-181951.89364499,-181809.58466527,-182044.63732272,0.00000000,0.00000000
1564,17,-180963.78246952,-181196.76805326,-181035.24596088,-181277.48639096,0.00000000,0.00000000
1565,13,-180957.13020464,-181188.97690792,-181028.39985171,-181269.82162462,0.00000000,0.00000000
1566,16,-181693.56695469,-181919.31877885,-181779.04716216,-182013.38530335,0.00000000,0.00000000
1567,15,-180938.98499370,-181161.92040237,-181009.68554694,-181241.21484561,0.00000000,0.00000000
1568,19,-181722.84648972,-181951.47594923,-181807.31601926,-182045.89452010,0.00000000,0.00000000
1570,17,-180943.58937970,-181171.43312139,-181013.64437679,-181251.05532461,0.00000000,0.00000000
1571,17,-182479.46926383,-182708.71992060,-182578.76830079,-182817.74537124,0.00000000,0.00000000
1577,19,-181717.78774255,-181947.61903432,-181802.83787092,-182041.86928553,0.00000000,0.00000000
1582,17,-180967.01154186,-181193.06510420,-181037.61799488,-181272.82598283,0.00000000,0.00000000
1584,12,-181732.15192336,-181965.05181433,-181818.92775145,-182061.35617634,0.00000000,0.00000000
1587,12,-180966.81253961,-181197.52712700,-181037.30753811,-181277.35587362,0.00000000,0.00000000
1593,13,-181703.45641189,-181931.25846182,-181786.37813942,-182023.49609082,0.00000000,0.00000000
1595,17,-181721.65028623,-181946.81648668,-181806.67275045,-182041.42378966,0.00000000,0.00000000
1597,13,-181725.23446647,-181952.24975691,-181809.97495150,-182046.64111120,0.00000000,0.00000000
1600,10,-180970.15118774,-181194.31324669,-181039.51329927,-181272.65605194,0.00000000,0.00000000
1602,10,-180976.09104680,-181204.47873926,-181048.12025644,-181285.80582847,0.00000000,0.00000000
1603,12,-180968.84404048,-181192.74221265,-181039.79339903,-181273.10273290,0.00000000,0.00000000
1604,10,-180970.51107100,-181200.29054299,-181041.37443513,-181280.18188329,0.00000000,0.00000000
1605,10,-180970.80994146,-181199.08070371,-181041.55146687,-181279.15832651,0.00000000,0.00000000
1609,17,-181720.71852173,-181947.71312944,-181807.03272010,-182043.64910622,0.00000000,0.00000000
1617,19,-181723.71381521,-181952.40424360,-181807.59920018,-182045.71795817,0.00000000,0.00000000
1620,19,-181731.05924020,-181959.51761538,-181815.39338303,-182052.53367148,0.00000000,0.00000000
1621,16,-180973.80318926,-181200.35112281,-181043.26578995,-181278.44066893,0.00000000,0.00000000
1622,18,-181722.99930723,-181954.50664683,-181807.93145497,-182048.51336018,0.00000000,0.00000000
1623,13,-181722.83639936,-181953.60069809,-181806.56164696,-182046.54242743,0.00000000,0.00000000
1624,18,-181720.34328330,-181951.60985987,-181805.27932855,-182045.89923875,0.00000000,0.00000000
1625,14,-180947.94598083,-181181.99562699,-181017.60914580,-181260.74956128,0.00000000,0.00000000
1626,15,-181722.60218752,-181950.35367897,-181806.48353401,-182043.74226908,0.00000000,0.00000000
1627,13,-181712.38674516,-181946.25324625,-181797.28264152,-182040.56486174,0.00000000,0.00000000
1629,17,-181722.90066893,-181951.11058153,-181807.06970925,-182044.74000542,0.00000000,0.00000000
1630,17,-181719.16289307,-181949.56961778,-181804.09480056,-182043.92726189,0.00000000,0.00000000
1633,19,-181718.75049977,-181948.90176516,-181803.96303946,-182043.24038881,0.00000000,0.00000000
1634,19,-181720.65541933,-181952.79634322,-181804.54007832,-182045.96582108,0.00000000,0.00000000
1635,17,-180965.89494429,-181194.31948414,-181035.36105905,-181272.74262563,0.00000000,0.00000000
1637,18,-181722.27788408,-181948.80394263,-181806.35441862,-182042.42214416,0.00000000,0.00000000
1639,17,-181715.00723947,-181945.51831282,-181800.18471435,-182040.13369893,0.00000000,0.00000000
1642,13,-180948.28857619,-181177.60725503,-181018.46716581,-181256.75182909,0.00000000,0.00000000
1645,18,-181705.94895691,-181929.42819713,-181788.17942005,-182020.18662916,0.00000000,0.00000000
1646,18,-181705.70021822,-181930.77229217,-181787.95518963,-182021.88219552,0.00000000,0.00000000
1647,21,-182471.38224753,-182692.44940834,-182566.85043868,-182797.24548290,0.00000000,0.00000000
1648,19,-182472.12631752,-182695.36434289,-182567.61761110,-182799.98658872,0.00000000,0.00000000
1652,15,-181701.81298203,-181926.14864162,-181783.49183748,-182016.71170850,0.00000000,0.00000000
1653,15,-181700.37051852,-181927.14364030,-181782.33262304,-182018.11052573,0.00000000,0.00000000
1654,15,-182458.78068584,-182686.11904353,-182553.63321593,-182791.64789382,0.00000000,0.00000000
1658,19,-181718.79025880,-181948.79116652,-181804.02412453,-182043.12435776,0.00000000,0.00000000
1659,17,-180961.73600254,-181188.45812658,-181032.42637754,-181268.12609104,0.00000000,0.00000000
1660,16,-180951.58681895,-181182.00866038,-181021.49962719,-181260.82262972,0.00000000,0.00000000
1661,19,-181722.48146715,-181950.92864756,-181806.55591256,-182044.43091468,0.00000000,0.00000000
1662,17,-181710.55921641,-181944.75761382,-181795.73851829,-182039.28263716,0.00000000,0.00000000
1663,17,-181719.81839001,-181949.04541475,-181803.98883684,-182042.44813180,0.00000000,0.00000000
1664,15,-180966.11732128,-181192.64472897,-181035.70359131,-181271.39211566,0.00000000,0.00000000
1665,15,-180969.25523524,-181196.05486304,-181038.36198490,-181274.14890906,0.00000000,0.00000000
1667,13,-180971.25587517,-181196.71741320,-181040.94543446,-181275.39912625,0.00000000,0.00000000
1668,14,-180974.36796709,-181201.09980499,-181043.83172276,-181279.04892672,0.00000000,0.00000000
1669,19,-182472.60357025,-182694.55450986,-182569.02790431,-182800.21084924,0.00000000,0.00000000
1702,18,-182483.30190039,-182714.41062053,-182580.37937064,-182820.89930450,0.00000000,0.00000000
1703,16,-181724.08867714,-181953.01933518,-181806.45241401,-182045.61005161,0.00000000,0.00000000
1705,14,-180936.85748380,-181160.41528199,-181002.59861805,-181235.17077700,0.00000000,0.00000000
1706,18,-182468.00399097,-182701.01399740,-182563.68910747,-182806.45755119,0.00000000,0.00000000
1709,19,-182485.80902874,-182714.70069331,-182584.91289512,-182823.49258316,0.00000000,0.00000000
1710,17,-181730.59800152,-181957.12861579,-181815.20068900,-182051.29546649,0.00000000,0.00000000
1711,17,-181734.28003567,-181960.97887282,-181818.09214833,-182054.39228334,0.00000000,0.00000000
1712,17,-181736.08152903,-181963.81855637,-181817.91029044,-182055.37814501,0.00000000,0.00000000
1713,17,-181738.58137827,-181962.71688727,-181821.47950199,-182055.04570828,0.00000000,0.00000000
1715,19,-182475.51689837,-182697.39913191,-182571.78904246,-182802.90552460,0.00000000,0.00000000
1716,18,-182475.23785095,-182699.08084616,-182571.38125265,-182804.32278238,0.00000000,0.00000000
1717,19,-182471.45082810,-182693.67616529,-182567.81584177,-182799.47224683,0.00000000,0.00000000
1729,15,-181710.18228370,-181940.29061486,-181791.98959958,-182031.32909193,0.00000000,0.00000000
1730,15,-180939.55344873,-181165.95575603,-181006.85266272,-181242.11196838,0.00000000,0.00000000
1731,15,-181710.87100103,-181940.95307716,-181792.57733404,-182031.95054850,0.00000000,0.00000000
1732,15,-180940.33156113,-181166.22979592,-181007.53862772,-181242.34994807,0.00000000,0.00000000
1739,16,-181718.19571818,-181947.42509608,-181802.06427082,-182040.64714568,0.00000000,0.00000000
1740,14,-180966.32177031,-181191.88338991,-181036.10424737,-181270.73280855,0.00000000,0.00000000
1741,14,-180969.16346817,-181195.62199409,-181038.30936874,-181273.79296121,0.00000000,0.00000000
1743,17,-182474.42370065,-182697.25423358,-182570.59957097,-182802.75296855,0.00000000,0.00000000
1754,16,-182485.81808371,-182714.32462029,-182585.09487572,-182823.13754929,0.00000000,0.00000000
1755,14,-181731.59264880,-181956.74507540,-181816.26602366,-182050.88072467,0.00000000,0.00000000
1756,14,-181734.28576484,-181961.43223625,-181818.09619036,-182054.83567084,0.00000000,0.00000000
1757,15,-181738.55331602,-181964.74319236,-181821.32606016,-182056.49890561,0.00000000,0.00000000
1758,15,-180983.03381744,-181204.07314817,-181051.21236027,-181281.49254398,0.00000000,0.00000000
1759,17,-182470.69666148,-182691.81151932,-182566.31540705,-182796.71205010,0.00000000,0.00000000
1775,13,-191041.65935340,-191251.50860579,-191100.99223693,-191319.62387256,0.00000000,0.00000000
1790,14,-181703.88677708,-181929.98828745,-181785.49966550,-182020.47495278,0.00000000,0.00000000
1791,14,-181708.79841080,-181932.96014344,-181791.24148828,-182023.74280444,0.00000000,0.00000000
1793,14,-181706.11766298,-181933.28676239,-181786.54403165,-182022.77526243,0.00000000,0.00000000
1794,14,-180934.31346413,-181158.27479518,-181000.10646576,-181233.06023255,0.00000000,0.00000000
1797,14,-191039.35533121,-191251.16603553,-191098.70172881,-191319.26336861,0.00000000,0.00000000
1798,14,-181709.23626218,-181942.41624851,-181794.39833374,-182036.99445228,0.00000000,0.00000000
1799,12,-180952.14506439,-181181.64781703,-181022.70809860,-181261.48784809,0.00000000,0.00000000
1801,13,-181707.79022186,-181935.26882803,-181789.33243058,-182026.56349660,0.00000000,0.00000000
1802,13,-180938.23468627,-181162.57632603,-181005.40054945,-181239.14314500,0.00000000,0.00000000
1803,15,-182472.41132001,-182694.38136102,-182566.96875274,-182798.01055027,0.00000000,0.00000000
1804,15,-181713.29358496,-181932.07084882,-181793.81370155,-182022.05133078,0.00000000,0.00000000
1805,15,-180944.37278201,-181159.21431570,-181010.35314433,-181234.64757372,0.00000000,0.00000000
1806,14,-182472.17707053,-182703.64068523,-182568.29758520,-182808.98896992,0.00000000,0.00000000
1807,15,-181711.97534333,-181940.02812742,-181793.73008889,-182030.97411565,0.00000000,0.00000000
1808,14,-180939.96021954,-181164.50226089,-181007.16685792,-181240.80201155,0.00000000,0.00000000
1811,13,-191043.86466827,-191257.89334433,-191104.68269842,-191327.79632749,0.00000000,0.00000000
1817,14,-181721.34819664,-181946.57680296,-181805.48355513,-182040.73304187,0.00000000,0.00000000
1818,12,-180968.08758345,-181191.58028376,-181037.95649761,-181270.95780511,0.00000000,0.00000000
1819,15,-182485.81874259,-182714.65728217,-182582.69909305,-182821.43039797,0.00000000,0.00000000
1820,12,-180972.81300986,-181196.81554321,-181041.22347034,-181274.76033728,0.00000000,0.00000000
1821,14,-182465.72169945,-182697.55134702,-182561.48977082,-182803.01744526,0.00000000,0.00000000
1822,15,-181728.88247076,-181953.38877541,-181811.75687130,-182046.50220451,0.00000000,0.00000000
1827,13,-180978.55365332,-181202.04288349,-181048.36603190,-181281.41927916,0.00000000,0.00000000
1828,15,-181731.72978483,-181959.90094869,-181813.89167094,-182051.79929984,0.00000000,0.00000000
1829,13,-182470.69921545,-182692.33704012,-182567.25460570,-182798.29536296,0.00000000,0.00000000
1831,14,-181731.26378336,-181957.26584595,-181815.26168039,-182050.92735270,0.00000000,0.00000000
1863,12,-181707.81845981,-181935.64804487,-181789.82099955,-182026.68562118,0.00000000,0.00000000
1865,12,-181714.21064690,-181940.14648836,-181794.76353809,-182029.48391174,0.00000000,0.00000000
1866,12,-181711.73205770,-181936.79954455,-181792.34124132,-182026.22825850,0.00000000,0.00000000
1867,12,-180942.23782984,-181163.12194597,-181008.40825583,-181237.95503306,0.00000000,0.00000000
1871,13,-181717.75486730,-181948.97385978,-181802.92836097,-182043.51560921,0.00000000,0.00000000
1873,12,-182464.81106949,-182698.97570059,-182558.91644376,-182802.41968070,0.00000000,0.00000000
1874,13,-182469.60732295,-182701.29352173,-182565.51582578,-182806.70842520,0.00000000,0.00000000
1875,13,-181709.93943733,-181940.12515302,-181791.97943515,-182031.07904916,0.00000000,0.00000000
1876,13,-180940.58306087,-181165.92645131,-181007.57339506,-181242.27315001,0.00000000,0.00000000
1881,13,-191045.95237522,-191260.76028692,-191106.42220002,-191330.49547438,0.00000000,0.00000000
1882,12,-181727.24188979,-181954.14865237,-181811.83935704,-182048.04605510,0.00000000,0.00000000
1885,13,-182472.26083684,-182703.80678085,-182568.37411773,-182808.97653824,0.00000000,0.00000000
1887,13,-181730.29321364,-181957.37080327,-181813.11155804,-182049.46825690,0.00000000,0.00000000
1891,12,-182491.24741318,-182716.36941810,-182588.87619248,-182822.81819332,0.00000000,0.00000000
1892,12,-180979.62092232,-181200.98475103,-181048.22411954,-181278.71583629,0.00000000,0.00000000
1893,11,-181735.44513349,-181958.57129265,-181818.44694509,-182050.76099996,0.00000000,0.00000000
1895,13,-181732.39197103,-181960.54612937,-181814.68516050,-182052.45497791,0.00000000,0.00000000
1896,13,-181734.79547239,-181963.00973991,-181816.97303768,-182054.77132487,0.00000000,0.00000000
1897,12,-181731.46936191,-181959.37388422,-181815.56220190,-182052.99870723,0.00000000,0.00000000
1924,19,-182471.70183210,-182694.49395514,-182567.33327963,-182799.37938987,0.00000000,0.00000000
1927,19,-182472.59986794,-182695.21435545,-182567.80626569,-182799.66359234,0.00000000,0.00000000
1929,17,-182467.17243355,-182690.93478117,-182562.44477902,-182795.57832849,0.00000000,0.00000000
1930,18,-182465.55001899,-182691.95572112,-182560.82390567,-182796.90317759,0.00000000,0.00000000
1931,21,-182474.54843709,-182696.78538321,-182570.90343096,-182802.49001313,0.00000000,0.00000000
1932,20,-182470.04917784,-182691.77186696,-182565.16741742,-182796.26947721,0.00000000,0.00000000
1933,21,-182471.57248347,-182692.91452502,-182566.51647079,-182797.27758446,0.00000000,0.00000000
1937,20,-182469.16127629,-182701.43309250,-182565.62696634,-182806.44899443,0.00000000,0.00000000
1938,20,-182468.73440634,-182696.04673491,-182564.15724255,-182799.99172396,0.00000000,0.00000000
2001,10,-189512.66745829,-189710.41031084,-189543.59402042,-189749.51593832,0.00000000,0.00000000
2004,13,-182473.06001475,-182694.70394509,-182568.49663282,-182799.11336707,0.00000000,0.00000000
2007,13,-180968.35609498,-181194.71866207,-181036.89944930,-181272.51602376,0.00000000,0.00000000
2008,11,-180197.72715961,-180419.60415972,-180251.22981223,-180482.58619914,0.00000000,0.00000000
2009,14,-182472.73143796,-182696.69143241,-182569.27659059,-182802.27454779,0.00000000,0.00000000
2010,14,-181729.64012633,-181956.43671699,-181812.20997723,-182048.66930293,0.00000000,0.00000000
2024,21,-182470.18396699,-182690.23826390,-182565.54109703,-182794.94206349,0.00000000,0.00000000
2026,19,-181715.41537825,-181933.65347296,-181795.98267890,-182023.64065366,0.00000000,0.00000000
2027,21,-182469.95040777,-182690.53609270,-182565.04059185,-182795.07909100,0.00000000,0.00000000
2032,18,-181710.33781833,-181942.07165139,-181791.78609392,-182033.05003083,0.00000000,0.00000000
2035,20,-182468.89316009,-182695.49056652,-182564.47914380,-182799.46525382,0.00000000,0.00000000
2037,20,-182469.96105034,-182696.33287320,-182565.23249630,-182800.39053047,0.00000000,0.00000000
2038,18,-182463.05301237,-182690.86493304,-182558.00460385,-182795.13358755,0.00000000,0.00000000
2039,16,-181706.87289636,-181936.28563896,-181787.04758787,-182025.78440214,0.00000000,0.00000000
2040,18,-182463.56448323,-182691.61025176,-182558.64563555,-182795.62428709,0.00000000,0.00000000
2041,14,-180939.73429712,-181165.67099199,-181005.80391055,-181240.60192023,0.00000000,0.00000000
2042,19,-182466.73515948,-182694.09179653,-182563.06108001,-182799.71786419,0.00000000,0.00000000
2043,16,-181707.72571383,-181934.30019104,-181789.64445797,-182025.51992359,0.00000000,0.00000000
2044,14,-180937.95004146,-181162.02348344,-181005.33897193,-181238.61469311,0.00000000,0.00000000
2046,17,-181710.72804797,-181936.35310883,-181792.70167069,-182027.47547700,0.00000000,0.00000000
2047,19,-182465.51410032,-182693.54469567,-182561.94026993,-182799.10313417,0.00000000,0.00000000
2048,14,-180944.76644413,-181169.20648374,-181012.40832369,-181245.80437526,0.00000000,0.00000000
2049,17,-182470.29908997,-182697.01797607,-182565.58001449,-182801.09991192,0.00000000,0.00000000
2051,17,-182470.18292532,-182697.86895493,-182565.22995682,-182801.78168797,0.00000000,0.00000000
2052,12,-180948.74192079,-181171.89491228,-181015.08581057,-181246.63763880,0.00000000,0.00000000
2053,16,-182471.71920158,-182692.96546628,-182567.49034566,-182797.43434121,0.00000000,0.00000000
2054,17,-182472.09299046,-182692.56680291,-182567.98897729,-182797.33572790,0.00000000,0.00000000
2055,21,-182467.17964991,-182690.80266522,-182562.54258694,-182795.02837157,0.00000000,0.00000000
2056,18,-181707.96599368,-181930.25504196,-181788.93572496,-182019.97665458,0.00000000,0.00000000
2057,14,-180181.65255597,-180401.80272386,-180233.76476131,-180462.67894336,0.00000000,0.00000000
2059,16,-180951.42488372,-181173.04095262,-181018.28988726,-181248.52905950,0.00000000,0.00000000
2061,16,-180938.33398973,-181157.88636021,-181004.86861619,-181233.08802369,0.00000000,0.00000000
2062,14,-180183.19874689,-180402.82943062,-180235.35788023,-180463.74653180,0.00000000,0.00000000
2063,13,-179418.15045875,-179631.65474353,-179456.00822215,-179677.94129559,0.00000000,0.00000000
2065,19,-181712.65066331,-181936.96125388,-181793.39572759,-182026.41296165,0.00000000,0.00000000
2066,19,-181710.78584792,-181933.40707489,-181791.55394030,-182022.77029605,0.00000000,0.00000000
2067,18,-181707.38715336,-181929.98785447,-181788.70436486,-182020.02353497,0.00000000,0.00000000
2068,20,-182467.10595514,-182690.81286853,-182562.62177149,-182795.14604275,0.00000000,0.00000000
2069,19,-181712.83165602,-181938.16248372,-181793.29715126,-182027.57260673,0.00000000,0.00000000
2070,20,-182466.90118607,-182692.02137121,-182562.16888623,-182796.19814890,0.00000000,0.00000000
2071,16,-180938.50266441,-181162.09262249,-181005.19721360,-181237.62543891,0.00000000,0.00000000
2073,19,-181710.95959289,-181933.55903271,-181791.82625424,-182022.95973092,0.00000000,0.00000000
2074,18,-181709.56888013,-181932.44019493,-181790.83425517,-182022.37489717,0.00000000,0.00000000
2075,21,-182466.79192403,-182691.09254346,-182562.36461975,-182795.46335758,0.00000000,0.00000000
2077,22,-183230.66033022,-183452.19807332,-183339.47843734,-183570.29042403,0.00000000,0.00000000
2094,19,-182475.73812075,-182697.76631939,-182569.80058896,-182801.28286974,0.00000000,0.00000000
2100,17,-181724.82868086,-181948.24457394,-181804.77102934,-182037.30367018,0.00000000,0.00000000
2105,20,-182478.84501689,-182703.59724899,-182573.00334722,-182806.63869079,0.00000000,0.00000000
2109,21,-182478.17807416,-182701.56242231,-182572.11830559,-182804.72576276,0.00000000,0.00000000
2111,21,-182475.23674026,-182696.65590907,-182569.54558538,-182800.11751702,0.00000000,0.00000000
2116,19,-182476.53086041,-182700.49205340,-182571.02549737,-182804.06414382,0.00000000,0.00000000
2124,22,-183231.75422447,-183452.79140285,-183340.37283651,-183570.77937325,0.00000000,0.00000000
2125,21,-182478.46415597,-182699.97767091,-182572.03278729,-182802.81787264,0.00000000,0.00000000
2126,21,-182477.89415098,-182701.62672954,-182571.41805785,-182804.50425004,0.00000000,0.00000000
2130,21,-183231.15008295,-183452.88247337,-183339.86429300,-183570.93150784,0.00000000,0.00000000
2133,21,-182476.35701504,-182698.43853948,-182570.49079223,-182801.73968894,0.00000000,0.00000000
2135,19,-182473.86703653,-182693.24592560,-182568.50369792,-182797.71791669,0.00000000,0.00000000
2137,23,-183230.11476675,-183452.17892799,-183339.08012577,-183570.28462568,0.00000000,0.00000000
2138,23,-183232.41491720,-183458.99637233,-183341.32074023,-183576.63538913,0.00000000,0.00000000
2140,19,-181706.87144681,-181926.73638003,-181787.21060677,-182016.22237304,0.00000000,0.00000000
2142,23,-183233.88416284,-183457.53550395,-183342.38780547,-183575.44170225,0.00000000,0.00000000
2149,17,-180954.27593148,-181178.06924045,-181019.80597594,-181253.00549116,0.00000000,0.00000000
2151,17,-181709.89943357,-181929.24091677,-181789.82154874,-182018.30800253,0.00000000,0.00000000
2152,19,-181710.80425906,-181935.98595273,-181790.45189391,-182024.55478095,0.00000000,0.00000000
2158,19,-182475.98501456,-182696.56494522,-182570.02425024,-182799.93205498,0.00000000,0.00000000
2159,21,-182476.83901174,-182699.09057884,-182570.80059575,-182801.96366016,0.00000000,0.00000000
2161,21,-182476.74147786,-182700.82374264,-182571.09018795,-182804.20526695,0.00000000,0.00000000
2164,20,-182475.60101609,-182698.38824455,-182570.33289212,-182801.89333434,0.00000000,0.00000000
2168,21,-183229.47032025,-183451.08837208,-183338.51100105,-183569.47275373,0.00000000,0.00000000
2169,19,-182477.00673262,-182700.94184002,-182570.62722692,-182803.83924805,0.00000000,0.00000000
2171,23,-183230.54941155,-183453.45145552,-183339.73229596,-183571.69499099,0.00000000,0.00000000
2173,23,-183230.91378778,-183456.44432053,-183340.56645884,-183574.37497887,0.00000000,0.00000000
2176,21,-183228.97522741,-183452.74797915,-183338.67062122,-183570.78657445,0.00000000,0.00000000
2179,19,-181709.24421900,-181926.71781829,-181789.67782677,-182016.23412379,0.00000000,0.00000000
2181,21,-182475.91410593,-182697.98864618,-182570.09853647,-182801.31722889,0.00000000,0.00000000
2236,17,-182461.91573835,-182688.20527583,-182557.02408662,-182792.49786304,0.00000000,0.00000000
2237,15,-181702.92617849,-181927.40172889,-181783.64976884,-182017.24202360,0.00000000,0.00000000
2238,13,-180933.40364366,-181154.10364208,-180999.69190458,-181229.40809561,0.00000000,0.00000000
2335,15,-182465.82884051,-182694.81714162,-182560.66101335,-182798.81333486,0.00000000,0.00000000
2336,15,-182468.18081074,-182697.91190171,-182563.00485134,-182801.79508144,0.00000000,0.00000000
2337,15,-182464.49964883,-182695.34147015,-182560.54401478,-182800.99113043,0.00000000,0.00000000
2338,13,-181705.18170671,-181934.22819055,-181786.82205990,-182025.36853253,0.00000000,0.00000000
2339,11,-180933.45952970,-181159.36351875,-181000.49496578,-181235.78848143,0.00000000,0.00000000
2340,15,-182463.95693425,-182696.25491763,-182559.92606458,-182801.77087875,0.00000000,0.00000000
2341,15,-182467.09895213,-182692.47817339,-182562.44346968,-182797.11733816,0.00000000,0.00000000
2342,13,-181707.82400699,-181931.35794726,-181788.86753178,-182021.57455163,0.00000000,0.00000000
2344,11,-180936.22249388,-181156.09865325,-181002.61357006,-181231.63749138,0.00000000,0.00000000
2345,15,-182468.08956451,-182694.53697095,-182563.61561715,-182799.15458721,0.00000000,0.00000000
2346,16,-182472.55891664,-182696.16103586,-182568.35186997,-182800.63463316,0.00000000,0.00000000
2348,16,-182470.02668788,-182691.89440712,-182565.74520284,-182796.92501248,0.00000000,0.00000000
2349,16,-182467.51381781,-182693.03822607,-182563.68334646,-182798.50841359,0.00000000,0.00000000
2355,15,-183227.65404903,-183457.01393646,-183336.06691423,-183574.93277822,0.00000000,0.00000000
2356,14,-181709.21747453,-181933.63752166,-181789.08343714,-182022.70634502,0.00000000,0.00000000
2357,13,-180937.87346641,-181159.62754359,-181002.91254335,-181233.92568544,0.00000000,0.00000000
2358,11,-180165.84219680,-180383.93105709,-180216.18657341,-180443.46225139,0.00000000,0.00000000
2359,16,-182475.65821363,-182699.60688780,-182569.94183498,-182802.99656165,0.00000000,0.00000000
2360,16,-181707.49967845,-181931.65745150,-181787.40395442,-182020.75002741,0.00000000,0.00000000
2361,15,-183229.24551479,-183461.64401272,-183338.44140301,-183579.37346198,0.00000000,0.00000000
2362,16,-182470.30753626,-182698.62789690,-182564.20710971,-182801.74780501,0.00000000,0.00000000
2363,15,-181698.70747269,-181923.37778963,-181778.04330285,-182011.86105189,0.00000000,0.00000000
2365,15,-181722.53569657,-181942.35691744,-181802.64017832,-182032.25113483,0.00000000,0.00000000
2367,14,-182475.16326511,-182695.40412702,-182569.31886259,-182798.91770796,0.00000000,0.00000000
2368,16,-182472.89358027,-182694.70143505,-182567.20544119,-182798.36964659,0.00000000,0.00000000
2369,16,-181703.72732051,-181923.63787370,-181783.67406268,-182012.78630663,0.00000000,0.00000000
2370,16,-182476.69912094,-182703.13175579,-182570.37036274,-182806.28542275,0.00000000,0.00000000
2371,16,-183232.22375256,-183457.59855615,-183341.13765454,-183575.40620537,0.00000000,0.00000000
2372,16,-182475.94812325,-182699.23422216,-182570.43179615,-182802.33684847,0.00000000,0.00000000
2374,16,-182473.18989049,-182695.96231599,-182567.75338441,-182799.54181132,0.00000000,0.00000000
2375,16,-181705.06540401,-181923.72137646,-181784.88499602,-182012.61639701,0.00000000,0.00000000
2376,15,-182467.61396213,-182694.97054899,-182561.61289295,-182798.28851833,0.00000000,0.00000000
2377,15,-181698.12917830,-181920.88849512,-181777.79178139,-182009.90917531,0.00000000,0.00000000
2378,15,-183221.62023918,-183453.03659610,-183329.71821988,-183570.85124352,0.00000000,0.00000000
2379,16,-183229.58977933,-183459.73798247,-183337.82175355,-183577.34935183,0.00000000,0.00000000
2380,15,-182469.00202680,-182696.19138224,-182562.99217714,-182799.62091534,0.00000000,0.00000000
2381,16,-181697.35511334,-181920.83744718,-181776.71006067,-182009.57797537,0.00000000,0.00000000
2384,11,-190271.83984318,-190475.11719589,-190315.96687591,-190528.19469266,0.00000000,0.00000000
2398,15,-191804.19866831,-192013.98599173,-191877.44676229,-192096.33657582,0.00000000,0.00000000
2414,12,-191038.29045302,-191249.14276759,-191098.14661963,-191317.73185816,0.00000000,0.00000000
2419,12,-191798.37735216,-192011.30032423,-191871.44917445,-192093.71857943,0.00000000,0.00000000
2427,13,-182466.04898984,-182698.06967028,-182560.73998589,-182801.89262492,0.00000000,0.00000000
2428,13,-181707.37112675,-181934.02579975,-181787.96553536,-182023.59752879,0.00000000,0.00000000
2429,13,-180934.72203589,-181157.35599504,-181000.76931712,-181232.30667704,0.00000000,0.00000000
2432,13,-182467.98020207,-182700.50290305,-182563.83361062,-182805.86434344,0.00000000,0.00000000
2433,13,-182466.67028122,-182699.20855700,-182561.18989970,-182802.91081262,0.00000000,0.00000000
2436,13,-182481.84545595,-182712.27408076,-182579.04375629,-182819.88359361,0.00000000,0.00000000
2437,13,-181724.76434226,-181953.78588884,-181807.23204909,-182046.15690031,0.00000000,0.00000000
2438,13,-182466.10574185,-182697.39439421,-182562.03983562,-182802.79684232,0.00000000,0.00000000
2447,13,-182468.92698916,-182694.92436425,-182564.08008695,-182799.34591731,0.00000000,0.00000000
2448,14,-182472.56475248,-182694.99820963,-182568.14769545,-182799.43671534,0.00000000,0.00000000
2451,13,-182468.24364332,-182697.00258325,-182564.46512782,-182802.79020591,0.00000000,0.00000000
2452,14,-182471.63573647,-182695.60742771,-182568.32486736,-182801.41999418,0.00000000,0.00000000
2453,14,-182471.21194760,-182696.19642115,-182567.08007255,-182801.12010858,0.00000000,0.00000000
2454,14,-182468.71839228,-182695.70693825,-182563.93369486,-182800.23953641,0.00000000,0.00000000
2462,13,-182466.50478801,-182695.66015110,-182561.94678101,-182800.53806250,0.00000000,0.00000000
2463,14,-182470.82966223,-182694.29425009,-182566.58055485,-182799.28774156,0.00000000,0.00000000
2464,13,-182460.69226328,-182688.80773563,-182556.28015614,-182793.79415667,0.00000000,0.00000000
2467,12,-181714.94364760,-181936.57128779,-181795.32851249,-182025.81292656,0.00000000,0.00000000
2469,13,-180169.01213259,-180386.25404890,-180219.44350316,-180445.63235949,0.00000000,0.00000000
2470,14,-182478.00579129,-182706.28799932,-182572.28115310,-182808.87332480,0.00000000,0.00000000
2471,14,-181722.01382787,-181944.61668135,-181802.38581162,-182034.05705282,0.00000000,0.00000000
2473,14,-181717.49028399,-181939.08721383,-181797.78134161,-182028.36399167,0.00000000,0.00000000
2474,14,-180948.92907564,-181171.94267206,-181014.32532005,-181246.72215709,0.00000000,0.00000000
2475,14,-183231.70981559,-183456.92369425,-183340.79356166,-183574.77735352,0.00000000,0.00000000
2476,14,-182474.03462563,-182697.51917458,-182568.54899882,-182801.07171847,0.00000000,0.00000000
2477,14,-181705.45985679,-181928.73653051,-181785.45963630,-182017.93389744,0.00000000,0.00000000
2480,14,-182477.65008724,-182699.92008431,-182571.81534704,-182803.12856055,0.00000000,0.00000000
2481,14,-182474.94347346,-182696.89051623,-182569.15385881,-182800.22601147,0.00000000,0.00000000
2482,14,-181705.75147952,-181924.29633877,-181785.54291459,-182013.00129783,0.00000000,0.00000000
2483,13,-183221.16101481,-183453.77365680,-183329.37171741,-183571.83213298,0.00000000,0.00000000
2484,13,-182463.00263587,-182692.39829137,-182556.86349656,-182795.97636961,0.00000000,0.00000000
2485,13,-181692.37835035,-181917.56646345,-181771.98723554,-182006.73420744,0.00000000,0.00000000
2510,13,-191798.24541191,-192010.68091538,-191871.37920448,-192093.16752856,0.00000000,0.00000000
2514,13,-191806.04977888,-192017.29480176,-191879.15341786,-192099.34195355,0.00000000,0.00000000
2571,11,-180942.55899573,-181173.80234187,-181012.39484281,-181252.95881225,0.00000000,0.00000000
2572,11,-181709.18346348,-181945.04298654,-181794.00285423,-182039.42330234,0.00000000,0.00000000
2573,11,-181718.34702966,-181948.76501191,-181802.08126092,-182041.81124745,0.00000000,0.00000000
2574,11,-180963.12139401,-181191.87730307,-181032.54544494,-181270.36507407,0.00000000,0.00000000
2576,11,-181701.91187133,-181927.62148289,-181784.02402992,-182018.39962763,0.00000000,0.00000000
2578,11,-181708.33640029,-181933.46806886,-181788.76967505,-182022.89434007,0.00000000,0.00000000
2579,11,-181704.78606166,-181930.43675003,-181785.25012974,-182020.09285948,0.00000000,0.00000000
2580,11,-180934.64474548,-181158.28334814,-181000.56421108,-181233.27023864,0.00000000,0.00000000
2584,11,-181710.75503718,-181943.35613926,-181795.62682684,-182038.04042703,0.00000000,0.00000000
2585,11,-181710.75495560,-181943.35591336,-181795.62682461,-182038.04043440,0.00000000,0.00000000
2587,11,-181705.83866576,-181933.25808519,-181787.33458506,-182024.02626885,0.00000000,0.00000000
2588,11,-180934.91672087,-181160.09702774,-181001.80827230,-181236.62842115,0.00000000,0.00000000
2589,11,-182467.54816771,-182700.31678359,-182563.28968896,-182805.80619572,0.00000000,0.00000000
2590,11,-181707.92766537,-181937.32631409,-181789.37559849,-182028.34073929,0.00000000,0.00000000
2591,11,-180935.90459731,-181161.95196613,-181002.82505129,-181238.31010512,0.00000000,0.00000000
2595,11,-181719.94154512,-181948.58292105,-181804.15706678,-182042.61885169,0.00000000,0.00000000
2600,11,-182480.11617644,-182711.41394025,-182578.95166599,-182820.29223672,0.00000000,0.00000000
2601,11,-181728.51310582,-181957.26926588,-181810.46307010,-182049.21301745,0.00000000,0.00000000
2602,11,-182466.61985452,-182696.54416837,-182562.27120695,-182801.85221975,0.00000000,0.00000000
2603,11,-181724.46705939,-181953.68304623,-181808.37766347,-182047.59687037,0.00000000,0.00000000
2604,11,-181725.41205808,-181952.55617005,-181807.93833402,-182044.68537571,0.00000000,0.00000000
2620,11,-182466.19861960,-182692.67258227,-182561.25387179,-182797.15148882,0.00000000,0.00000000
2622,11,-180937.99281254,-181156.56629880,-181004.26160865,-181232.23184061,0.00000000,0.00000000
2627,12,-182468.60276729,-182695.43892245,-182564.63101159,-182801.07550621,0.00000000,0.00000000
2628,12,-182467.65465616,-182693.37416982,-182562.93366086,-182798.06085845,0.00000000,0.00000000
2629,11,-182465.89214372,-182692.72979863,-182560.72051768,-182797.16249559,0.00000000,0.00000000
2633,12,-182482.92110849,-182709.98597222,-182580.02110403,-182817.70775571,0.00000000,0.00000000
2634,11,-182466.47630533,-182694.79514112,-182562.60275778,-182800.56225691,0.00000000,0.00000000
2635,11,-180970.81965532,-181195.99681209,-181038.99121042,-181273.93411993,0.00000000,0.00000000
2636,12,-181727.64485161,-181955.19736591,-181810.63497143,-182047.82213275,0.00000000,0.00000000
2637,11,-182467.49969256,-182694.40375058,-182563.71501282,-182800.18685914,0.00000000,0.00000000
2638,11,-181726.56543401,-181956.18716881,-181809.55882871,-182048.56528684,0.00000000,0.00000000
2651,12,-182466.41302722,-182694.14949608,-182561.71377883,-182798.97531656,0.00000000,0.00000000
2654,12,-182464.87040684,-182691.88477484,-182561.15236581,-182797.82108869,0.00000000,0.00000000
2655,11,-182460.30196461,-182689.46409226,-182556.61637752,-182795.34204758,0.00000000,0.00000000
2656,11,-182461.83462641,-182689.41937590,-182557.04514923,-182794.31146016,0.00000000,0.00000000
2657,12,-182466.35849660,-182693.62698733,-182561.76622686,-182798.45343628,0.00000000,0.00000000
2665,12,-182464.24432128,-182690.28565973,-182559.68947336,-182795.29060037,0.00000000,0.00000000
2666,11,-182459.28869284,-182688.59040381,-182554.82346551,-182793.86798964,0.00000000,0.00000000
2667,12,-182465.84063770,-182694.96285572,-182561.34819827,-182799.81389570,0.00000000,0.00000000
2671,11,-183219.42690975,-183451.56374228,-183327.60461412,-183569.68943287,0.00000000,0.00000000
2672,11,-182466.29773481,-182693.92475337,-182560.16508105,-182797.38864192,0.00000000,0.00000000
2673,11,-182462.26219290,-182689.72498582,-182556.04000875,-182793.15040629,0.00000000,0.00000000
2674,11,-181692.79950369,-181916.29686012,-181772.12600656,-182005.29112584,0.00000000,0.00000000
2675,12,-181708.65012391,-181934.50501031,-181788.31077986,-182023.53911854,0.00000000,0.00000000
3003,11,-191041.26616191,-191247.78934774,-191101.21453322,-191316.66379819,0.00000000,0.00000000
3009,11,-200375.51086447,-200564.94803859,-200413.16510343,-200611.36841171,0.00000000,0.00000000
3025,9,-190282.30997931,-189677.19053385,-190326.52134567,-189713.81396966,0.00000000,0.00000000
3027,9,-190281.16366287,-189666.60918413,-190325.19935046,-189702.78183500,0.00000000,0.00000000
4544,11,-203480.03559676,-203704.60541170,-203536.83839563,-203770.35532395,0.00000000,0.00000000
4545,12,-203481.90205622,-203704.60657259,-203538.73715171,-203770.35529219,0.00000000,0.00000000
4548,14,-203479.20413346,-203696.15208644,-203535.98742242,-203761.41871567,0.00000000,0.00000000
4549,15,-203496.76830778,-203717.84835137,-203552.66801594,-203782.74556090,0.00000000,0.00000000
4554,11,-204257.04723754,-204477.76495685,-204326.35377772,-204555.86668436,0.00000000,0.00000000
4556,14,-204259.30312971,-204483.51444820,-204330.18163865,-204563.12204441,0.00000000,0.00000000
4557,10,-204227.08431275,-204450.81692268,-204297.52146460,-204530.32589253,0.00000000,0.00000000
4560,16,-204263.75890880,-204487.10729435,-204334.40042555,-204567.28894032,0.00000000,0.00000000
4561,15,-204228.29536940,-204449.21716123,-204298.92934287,-204528.97634676,0.00000000,0.00000000
4568,12,-204234.22938006,-204453.24495967,-204302.04278622,-204530.27157008,0.00000000,0.00000000
4569,13,-204234.14591496,-204453.66615066,-204301.39579397,-204529.81890319,0.00000000,0.00000000
4570,17,-204248.13661436,-204470.50684988,-204318.34594493,-204549.73180704,0.00000000,0.00000000
4571,13,-204242.92591565,-204471.06171305,-204313.97440243,-204551.59185672,0.00000000,0.00000000
4572,12,-205012.57190681,-205238.35638031,-205097.25119810,-205332.61039568,0.00000000,0.00000000
4576,11,-204251.18865358,-204473.09894309,-204321.03879609,-204552.73744183,0.00000000,0.00000000
4577,16,-204258.31451281,-204482.92214151,-204328.38242593,-204562.53929351,0.00000000,0.00000000
4580,15,-214301.58195488,-214517.65808939,-214363.77594676,-214589.07863975,0.00000000,0.00000000
4582,11,-204238.20916144,-204456.13258499,-204306.86062283,-204533.84835890,0.00000000,0.00000000
4583,13,-204239.74908353,-204458.46664608,-204307.22912200,-204534.57930745,0.00000000,0.00000000
4584,10,-203507.09986460,-203732.00167626,-203563.06524153,-203796.64136335,0.00000000,0.00000000
4586,11,-204270.40329843,-204494.59795025,-204342.13471801,-204575.48391977,0.00000000,0.00000000
4588,10,-204227.44720178,-204450.84647212,-204298.17135284,-204530.56061847,0.00000000,0.00000000
4591,14,-204238.51726257,-204461.24697974,-204306.85181367,-204538.92996470,0.00000000,0.00000000
4592,14,-204256.19137037,-204479.76289849,-204327.50862183,-204560.62416460,0.00000000,0.00000000
4593,14,-204228.22586639,-204450.21461975,-204298.80228631,-204530.10207024,0.00000000,0.00000000
4603,16,-204255.65167412,-204480.12554907,-204326.92926129,-204560.47818440,0.00000000,0.00000000
4604,14,-203506.25470276,-203729.09069502,-203561.95941808,-203793.31099126,0.00000000,0.00000000
4609,13,-213549.28840990,-213762.32647985,-213597.32932016,-213819.04775680,0.00000000,0.00000000
4616,13,-204264.71161958,-204490.08390059,-204333.59477366,-204568.74568841,0.00000000,0.00000000
4617,17,-204261.46134996,-204486.45802858,-204330.67679564,-204564.57902488,0.00000000,0.00000000
4649,17,-205014.72761701,-205240.98415373,-205096.23934341,-205331.09942772,0.00000000,0.00000000
4652,15,-204276.83096494,-204499.32000692,-204344.95303628,-204576.20187695,0.00000000,0.00000000
4653,17,-205008.63511614,-205225.54085025,-205089.16700593,-205315.25335793,0.00000000,0.00000000
4654,16,-205026.01745062,-205243.59164604,-205108.55363130,-205335.04708736,0.00000000,0.00000000
4666,19,-205014.72255300,-205241.38993935,-205096.48584822,-205332.44385473,0.00000000,0.00000000
4669,16,-204288.33398880,-204505.30928239,-204356.42300120,-204582.46751417,0.00000000,0.00000000
4672,14,-204260.85973730,-204475.11649442,-204326.37985817,-204549.18904819,0.00000000,0.00000000
4692,14,-204258.43589207,-204473.66643176,-204323.48976132,-204548.23906999,0.00000000,0.00000000
4697,14,-205010.05294361,-205235.62004765,-205090.42426006,-205324.65077218,0.00000000,0.00000000
4700,13,-205013.77607340,-205230.65585369,-205094.39735087,-205319.74853805,0.00000000,0.00000000
4702,15,-204264.00452876,-204479.70229357,-204330.73000103,-204554.89020559,0.00000000,0.00000000
4703,15,-205024.82328027,-205248.30752801,-205107.16225619,-205340.30310434,0.00000000,0.00000000
4704,12,-203528.78922692,-203743.35910525,-203582.72552950,-203806.64082679,0.00000000,0.00000000
4707,15,-204272.89459471,-204491.59631891,-204339.20063860,-204566.72812636,0.00000000,0.00000000
4708,19,-205011.26177888,-205237.49004000,-205093.35460673,-205328.57163866,0.00000000,0.00000000
4711,15,-204287.13837517,-204502.44176877,-204355.34965496,-204579.85504678,0.00000000,0.00000000
4713,14,-205018.21905127,-205241.15523806,-205102.41193154,-205334.83671054,0.00000000,0.00000000
4714,12,-204264.52677396,-204484.14623781,-204334.06828270,-204563.12663932,0.00000000,0.00000000
4717,14,-214320.72374582,-214551.85233921,-214381.68193233,-214621.29735773,0.00000000,0.00000000
4753,16,-214320.79721469,-214551.92260151,-214381.72500001,-214621.27332479,0.00000000,0.00000000
4754,16,-204244.44829884,-204466.47337875,-204311.98206483,-204542.84446086,0.00000000,0.00000000
4755,17,-205008.39292866,-205224.56898787,-205089.73976115,-205314.90614779,0.00000000,0.00000000
4764,17,-204273.25938510,-204492.83096366,-204341.44707238,-204569.80202054,0.00000000,0.00000000
4765,19,-205013.76399383,-205227.78755568,-205095.06690852,-205317.79323234,0.00000000,0.00000000
4768,19,-205018.37370739,-205242.25966821,-205102.71072577,-205335.92578782,0.00000000,0.00000000
4798,12,-204243.79704386,-204463.18855843,-204310.94881770,-204538.86686684,0.00000000,0.00000000
4802,12,-204265.25504324,-204485.87510317,-204330.84973127,-204560.31900540,0.00000000,0.00000000
4803,12,-214304.75739393,-214524.72341901,-214363.87397812,-214592.55469507,0.00000000,0.00000000
4809,13,-205011.91317818,-205238.24814111,-205093.40215418,-205328.99549581,0.00000000,0.00000000
4811,12,-204265.07115771,-204487.79231564,-204334.66382843,-204566.62718086,0.00000000,0.00000000
4812,13,-205026.26682310,-205251.48766712,-205108.60194249,-205343.27571764,0.00000000,0.00000000
4817,13,-204273.03684495,-204491.92910629,-204339.38547838,-204567.08818026,0.00000000,0.00000000
4818,13,-204287.34967034,-204504.68873148,-204355.60556455,-204582.01216166,0.00000000,0.00000000
4820,11,-214325.24712656,-214560.75427137,-214386.01607582,-214629.63574837,0.00000000,0.00000000
4831,12,-214359.82445868,-214573.22626480,-214420.11020957,-214642.61059823,0.00000000,0.00000000
4838,16,-214359.47887010,-214571.81972624,-214419.56706462,-214641.17414215,0.00000000,0.00000000
4841,12,-226829.81053309,-227034.47635835,-226882.55206964,-227096.20711699,0.00000000,0.00000000
4845,13,-204271.61602426,-204493.21114687,-204339.84453647,-204570.34540991,0.00000000,0.00000000
4870,16,-214325.27885974,-214534.66532977,-214385.78609026,-214603.87319739,0.00000000,0.00000000
4880,17,-204244.85124183,-204462.13868400,-204311.96004165,-204537.76225624,0.00000000,0.00000000
4881,17,-205010.14737132,-205229.22028024,-205090.65719879,-205319.10531750,0.00000000,0.00000000
4882,19,-205012.15353961,-205229.09712513,-205092.33749458,-205318.20239268,0.00000000,0.00000000
4888,17,-205008.86795373,-205224.44649164,-205090.25499894,-205314.99362259,0.00000000,0.00000000
4890,19,-205012.40433654,-205228.14491635,-205093.89230220,-205318.28625403,0.00000000,0.00000000
4900,17,-205015.99382551,-205243.96853482,-205097.74454697,-205335.62079429,0.00000000,0.00000000
4913,15,-226831.40369941,-227034.86970672,-226884.22247959,-227096.55560532,0.00000000,0.00000000
4920,16,-214322.78465182,-214531.98214721,-214383.37894032,-214601.52020983,0.00000000,0.00000000
4966,12,-203505.57170832,-203712.82320108,-203557.27013949,-203772.57671708,0.00000000,0.00000000
4967,15,-204265.42995538,-204476.03582794,-204331.48848998,-204550.29578389,0.00000000,0.00000000
4968,14,-205008.72616785,-205234.31215366,-205090.17011302,-205325.17200135,0.00000000,0.00000000
4969,12,-203509.70484686,-203724.77005649,-203561.86238978,-203785.71185832,0.00000000,0.00000000
4971,15,-204269.34740618,-204486.10872514,-204336.01449069,-204561.67417014,0.00000000,0.00000000
4995,19,-205010.17168106,-205222.85880349,-205091.58495372,-205313.89206056,0.00000000,0.00000000
5073,16,-205762.20959101,-205980.76082577,-205856.13157685,-206083.49820666,0.00000000,0.00000000
5134,14,-205005.70483270,-205224.83007595,-205086.58830280,-205314.90469919,0.00000000,0.00000000
5147,14,-205768.18353013,-205986.91476613,-205862.62289332,-206090.08155178,0.00000000,0.00000000
5148,19,-205014.39322948,-205242.93035717,-205095.58401494,-205333.01677902,0.00000000,0.00000000
5163,14,-215121.10818883,-215348.39869888,-215194.58303201,-215430.35602179,0.00000000,0.00000000
5168,16,-215117.92834465,-215337.52401960,-215191.85705697,-215419.99686916,0.00000000,0.00000000
5174,16,-205762.75819163,-205989.29840680,-205857.03742608,-206092.77999479,0.00000000,0.00000000
5195,16,-205011.93537321,-205233.01652749,-205091.42339229,-205321.79219741,0.00000000,0.00000000
5208,16,-227580.83834647,-227796.64645264,-227646.78273023,-227871.76803838,0.00000000,0.00000000
5211,16,-215058.15795440,-215276.52402978,-215130.37414675,-215357.65246518,0.00000000,0.00000000
5213,15,-203511.33773456,-203728.40122469,-203563.86753572,-203789.68694190,0.00000000,0.00000000
5214,16,-204260.71899935,-204475.42938973,-204326.67303945,-204549.69604467,0.00000000,0.00000000
5215,18,-205010.62702741,-205238.61605650,-205091.37925962,-205328.35970463,0.00000000,0.00000000
5217,16,-204271.76593640,-204488.59147473,-204338.16957005,-204563.49935566,0.00000000,0.00000000
5218,19,-205007.49207530,-205234.97873243,-205088.46659355,-205325.04146769,0.00000000,0.00000000
5219,19,-205765.03732050,-205988.97589176,-205859.13209262,-206092.47464227,0.00000000,0.00000000
5225,19,-205014.23089892,-205228.81070446,-205094.07535827,-205317.53630658,0.00000000,0.00000000
5228,19,-205767.16149832,-205991.93204117,-205861.06116336,-206095.16681322,0.00000000,0.00000000
5229,19,-205773.67677777,-205997.24053104,-205867.82703730,-206100.61778876,0.00000000,0.00000000
5232,21,-205768.44380246,-205990.66386228,-205863.09202769,-206094.87030070,0.00000000,0.00000000
5239,20,-205773.34757975,-205994.17142983,-205867.38054564,-206096.62426125,0.00000000,0.00000000
5282,13,-205014.62337505,-205232.94925841,-205093.79009122,-205321.16091890,0.00000000,0.00000000
5313,13,-204260.07750843,-204473.29826537,-204325.90073795,-204547.62604750,0.00000000,0.00000000
5319,14,-205009.97111631,-205230.21408665,-205091.05111568,-205320.06966410,0.00000000,0.00000000
5320,14,-205009.44685053,-205232.57571426,-205091.38341130,-205323.85012037,0.00000000,0.00000000
5321,14,-205009.91251943,-205232.06590004,-205090.97373744,-205322.25239608,0.00000000,0.00000000
5324,14,-205011.68544225,-205229.88323200,-205091.90466849,-205319.24035745,0.00000000,0.00000000
5326,14,-205001.01438370,-205222.70181931,-205081.51504664,-205312.38089808,0.00000000,0.00000000
5327,14,-205006.81989287,-205227.39809160,-205087.65664397,-205317.45384377,0.00000000,0.00000000
5333,14,-205014.25498275,-205233.85193782,-205094.22892810,-205322.70299237,0.00000000,0.00000000
5334,19,-205014.96613356,-205243.83747935,-205096.21980273,-205333.95751039,0.00000000,0.00000000
5342,13,-205015.52720908,-205233.22437135,-205094.28825689,-205321.11828177,0.00000000,0.00000000
5409,14,-215057.02964749,-215275.49166916,-215128.82077296,-215356.07888965,0.00000000,0.00000000
5451,19,-205003.08263783,-205220.21738172,-205083.18913563,-205309.49344520,0.00000000,0.00000000
5453,16,-204270.45679993,-204496.96494934,-204337.19529497,-204572.61357197,0.00000000,0.00000000
5457,16,-205000.80360309,-205226.07392627,-205082.17307008,-205316.23557449,0.00000000,0.00000000
5458,15,-204244.53344567,-204465.98961875,-204311.21843579,-204541.42910124,0.00000000,0.00000000
5463,19,-204999.70768198,-205226.28999679,-205080.47116148,-205316.02838650,0.00000000,0.00000000
5464,16,-204243.68411088,-204466.14472667,-204310.83690858,-204542.02738356,0.00000000,0.00000000
5467,19,-205764.46902861,-205986.52442354,-205858.37250781,-206089.85202776,0.00000000,0.00000000
5479,19,-205014.98022743,-205233.84578823,-205094.93606853,-205322.58863707,0.00000000,0.00000000
5518,13,-204262.48386495,-204477.53686951,-204327.66187117,-204551.38362046,0.00000000,0.00000000
5522,16,-205014.48482712,-205238.65661874,-205094.80292611,-205328.30992618,0.00000000,0.00000000
5523,16,-204244.26958399,-204465.47342902,-204309.74274802,-204540.12676100,0.00000000,0.00000000
5580,11,-204252.11982194,-204476.10158471,-204321.32768495,-204554.51586792,0.00000000,0.00000000
5581,11,-204236.61409377,-204458.83833281,-204303.56759584,-204534.80321729,0.00000000,0.00000000
5584,11,-204265.60750933,-204479.18823738,-204330.84941814,-204553.31121939,0.00000000,0.00000000
5585,11,-204257.69008388,-204479.14409832,-204323.06458409,-204553.74962023,0.00000000,0.00000000
5589,11,-204256.56806463,-204482.43956749,-204325.40077263,-204561.33455398,0.00000000,0.00000000
5592,11,-204259.50582799,-204476.78656208,-204325.86036948,-204552.06232764,0.00000000,0.00000000
5600,11,-204283.16860886,-204499.97535327,-204351.02579724,-204577.32558950,0.00000000,0.00000000
5632,12,-205003.05862303,-205224.97164221,-205083.84521630,-205315.01231740,0.00000000,0.00000000
5635,12,-204995.54550855,-205216.28308855,-205075.94320373,-205305.78853138,0.00000000,0.00000000
5636,12,-205008.64420876,-205233.81515319,-205090.31032020,-205325.02061280,0.00000000,0.00000000
5639,11,-204268.69409297,-204486.78819297,-204335.40630684,-204563.00978191,0.00000000,0.00000000
5653,12,-205004.30882375,-205222.25493806,-205085.38790781,-205313.30953389,0.00000000,0.00000000
5657,11,-204262.11838430,-204487.96483697,-204330.27745944,-204565.61241633,0.00000000,0.00000000
5668,12,-204998.32745491,-205218.72110295,-205079.55498152,-205309.79146229,0.00000000,0.00000000
5669,11,-204992.68002178,-205213.82382038,-205073.71885860,-205305.03542758,0.00000000,0.00000000
5672,12,-204999.72495733,-205223.26747565,-205080.29197017,-205313.40884573,0.00000000,0.00000000
5673,11,-204993.40805261,-205216.59286513,-205073.59672069,-205306.56469968,0.00000000,0.00000000
5674,12,-205000.35989077,-205222.37882109,-205080.99024677,-205312.11248395,0.00000000,0.00000000
5703,12,-205028.65651923,-205250.56523369,-205107.04023786,-205339.22124350,0.00000000,0.00000000
5716,11,-215112.65260453,-215336.28856537,-215186.03746501,-215419.40418109,0.00000000,0.00000000
5717,12,-205755.74507711,-205979.78119480,-205849.42172316,-206082.68762962,0.00000000,0.00000000
5719,12,-205002.88827289,-205231.37088879,-205082.96102419,-205320.84816743,0.00000000,0.00000000
5720,11,-205004.77058953,-205228.37044345,-205084.81243676,-205317.40010849,0.00000000,0.00000000
5721,11,-205757.75711890,-205987.57506353,-205851.51640712,-206090.90287654,0.00000000,0.00000000
5747,11,-205004.30434333,-205228.84798483,-205084.49406760,-205318.46810163,0.00000000,0.00000000
5851,13,-214291.67460737,-214514.60279968,-214351.10115860,-214583.49187416,0.00000000,0.00000000
5854,15,-214289.55484722,-214507.89998259,-214348.13585183,-214574.75431230,0.00000000,0.00000000
5864,17,-205000.11920303,-205221.12535731,-205080.82233408,-205310.97033069,0.00000000,0.00000000
5865,17,-205003.59879619,-205221.64903323,-205084.20266988,-205310.95339878,0.00000000,0.00000000
5867,19,-205005.94060075,-205224.77080136,-205087.42651143,-205315.07953094,0.00000000,0.00000000
5868,18,-205001.83170920,-205224.86707394,-205082.68330267,-205314.99653889,0.00000000,0.00000000
5869,19,-205000.91233175,-205219.10055197,-205080.97734440,-205308.36033864,0.00000000,0.00000000
5873,16,-204999.60670934,-205225.54649157,-205081.14354602,-205315.62978978,0.00000000,0.00000000
5874,17,-205003.67095984,-205223.63610640,-205085.13223539,-205314.14659912,0.00000000,0.00000000
5880,14,-205001.42749863,-205228.41952100,-205082.57053049,-205318.44994826,0.00000000,0.00000000
5884,13,-205000.71046178,-205225.21655936,-205081.58421020,-205315.41833468,0.00000000,0.00000000
5885,14,-204993.77190173,-205223.13800151,-205074.65556064,-205313.72830327,0.00000000,0.00000000
6000,15,-227583.04318443,-227799.44259328,-227648.15764484,-227873.80694786,0.00000000,0.00000000
6011,15,-214310.14306753,-214541.64889484,-214370.59586110,-214610.67322653,0.00000000,0.00000000
6013,16,-214293.72866723,-214514.09909113,-214352.61250824,-214581.82500726,0.00000000,0.00000000
6023,16,-215058.13195666,-215274.94822667,-215129.94196300,-215355.97654735,0.00000000,0.00000000
6049,8,-204259.53884130,-204474.14049674,-204328.51685310,-204552.34052181,0.00000000,0.00000000
6050,10,-204264.94812182,-204477.25780954,-204334.76543961,-204556.05233847,0.00000000,0.00000000
6051,9,-204257.54313987,-204470.49318271,-204327.81893709,-204549.83958138,0.00000000,0.00000000
6052,10,-204257.14184722,-204476.23614796,-204327.72594706,-204556.02391308,0.00000000,0.00000000
6053,8,-204259.00523189,-204479.99103602,-204328.86277333,-204559.27803456,0.00000000,0.00000000
6054,9,-204253.22713864,-204467.40226926,-204323.79818832,-204546.96840188,0.00000000,0.00000000
6055,8,-204261.85825631,-204485.20175983,-204332.07213185,-204565.03659939,0.00000000,0.00000000
6056,8,-203487.86867231,-203701.79008809,-203543.32075388,-203766.26777175,0.00000000,0.00000000
6057,10,-203506.69576699,-203727.45076039,-203561.77875199,-203791.95447062,0.00000000,0.00000000
6058,8,-226792.11264394,-227009.93442970,-226846.82359073,-227074.12262648,0.00000000,0.00000000
6060,8,-204244.32976847,-204461.18052643,-204311.92829143,-204538.00518363,0.00000000,0.00000000
6063,10,-214304.99601089,-214519.94491154,-214364.10387381,-214589.09328836,0.00000000,0.00000000
6071,8,-214293.12938890,-214509.02614969,-214351.33407215,-214576.27276566,0.00000000,0.00000000
6072,9,-204255.03975147,-204479.51173761,-204325.28212928,-204559.44508255,0.00000000,0.00000000
6073,8,-204268.07328478,-204485.65687401,-204337.86082217,-204564.72255055,0.00000000,0.00000000
6075,8,-204268.45845041,-204488.82688510,-204338.34850636,-204567.88081564,0.00000000,0.00000000
6076,10,-203508.45482812,-203722.45488972,-203563.40249020,-203786.44260721,0.00000000,0.00000000
6079,10,-204273.25603419,-204493.60849248,-204341.83914219,-204571.21100278,0.00000000,0.00000000
6082,8,-205024.12805566,-205247.16775023,-205108.85030171,-205341.21789443,0.00000000,0.00000000
6090,8,-213616.57086042,-213835.17326862,-213663.47897259,-213891.84697658,0.00000000,0.00000000
6092,10,-214375.74859797,-214595.09313087,-214438.14592260,-214666.98196294,0.00000000,0.00000000
6096,8,-203517.85691085,-203735.60933793,-203571.69204319,-203798.36147107,0.00000000,0.00000000
6097,8,-204273.15215619,-204488.70336604,-204341.89211168,-204566.08101784,0.00000000,0.00000000
6101,8,-226082.47385276,-226291.82144855,-226121.84697106,-226340.52890795,0.00000000,0.00000000
6102,10,-227554.99629240,-227775.34019145,-227622.32835900,-227851.96544203,0.00000000,0.00000000
6104,8,-205023.16982279,-205242.92977359,-205107.73724326,-205336.50195892,0.00000000,0.00000000
6108,8,-203520.95036572,-203743.53360951,-203576.08538334,-203807.42672176,0.00000000,0.00000000
6109,10,-204272.81048327,-204492.78634143,-204341.31751335,-204570.43809125,0.00000000,0.00000000
6110,9,-204272.96355806,-204494.43108906,-204342.72094676,-204573.28704999,0.00000000,0.00000000
6118,9,-214315.96363694,-214526.70437396,-214377.84760610,-214597.56797399,0.00000000,0.00000000
6124,8,-214375.17779605,-214585.17689782,-214437.31194900,-214656.26719377,0.00000000,0.00000000
6129,10,-204251.17619123,-204472.64416777,-204317.24862041,-204548.47268032,0.00000000,0.00000000
6130,10,-203482.17485992,-203699.47596298,-203533.92488438,-203760.74516219,0.00000000,0.00000000
6131,10,-204250.18741745,-204462.26886095,-204317.16231676,-204538.34108342,0.00000000,0.00000000
6132,8,-203477.47410721,-203685.92703062,-203529.82927669,-203747.25498791,0.00000000,0.00000000
6135,8,-204257.73873473,-204477.10928420,-204327.13218655,-204555.89612146,0.00000000,0.00000000
6136,8,-204265.79430023,-204480.44810803,-204334.19014527,-204557.54848421,0.00000000,0.00000000
6144,10,-204272.91240344,-204487.53236335,-204342.58345344,-204566.19600249,0.00000000,0.00000000
6145,8,-204273.36771215,-204484.80412557,-204341.87354668,-204562.15140246,0.00000000,0.00000000
6146,10,-204266.53182529,-204484.90396241,-204335.79518520,-204563.33497624,0.00000000,0.00000000
6152,8,-227560.27665728,-227780.30597929,-227630.30207034,-227859.11945748,0.00000000,0.00000000
6155,10,-214317.63295159,-214526.40770605,-214379.41770878,-214597.03067161,0.00000000,0.00000000
6169,10,-205009.63897527,-205229.05724687,-205090.97464379,-205319.45810868,0.00000000,0.00000000
6173,10,-205023.58495831,-205249.55118381,-205107.44211524,-205342.35171298,0.00000000,0.00000000
6185,10,-205020.99125868,-205237.19594489,-205103.71325458,-205329.87776536,0.00000000,0.00000000
6188,10,-204265.79537327,-204483.27954610,-204333.41872131,-204560.27402007,0.00000000,0.00000000
6213,10,-226803.71331463,-227022.84788896,-226857.23807355,-227085.27890809,0.00000000,0.00000000
6226,10,-204250.80087122,-204464.28005560,-204317.11382286,-204539.58824343,0.00000000,0.00000000
6232,10,-227546.80158911,-227762.57738479,-227613.79226936,-227838.75332987,0.00000000,0.00000000
6235,10,-205012.47721555,-205230.34598925,-205094.34821484,-205321.16875325,0.00000000,0.00000000
6236,10,-204267.03087771,-204484.31021245,-204335.13438676,-204561.50211297,0.00000000,0.00000000
6242,10,-205006.57768028,-205227.39787197,-205088.17714714,-205318.56109097,0.00000000,0.00000000
6246,15,-205013.29393864,-205239.92608402,-205095.59504836,-205331.07309143,0.00000000,0.00000000
6247,10,-205004.51127730,-205226.74497292,-205085.42970490,-205317.22533676,0.00000000,0.00000000
6251,8,-204246.66998544,-204461.41318831,-204313.20038141,-204536.88077891,0.00000000,0.00000000
6254,10,-204246.96155796,-204464.08363870,-204313.42149133,-204539.26851937,0.00000000,0.00000000
6255,10,-203477.04430051,-203691.86660102,-203529.34666957,-203753.28953903,0.00000000,0.00000000
6256,9,-205768.97784484,-205988.13841063,-205863.17035444,-206091.53061222,0.00000000,0.00000000
6262,10,-205013.13672228,-205230.61968402,-205092.95137755,-205319.52116905,0.00000000,0.00000000
6265,8,-214306.73076228,-214528.80715369,-214365.12206188,-214596.01392304,0.00000000,0.00000000
6270,10,-214312.15160154,-214529.50322543,-214371.03889325,-214597.61154826,0.00000000,0.00000000
6300,8,-205009.14181792,-205228.13326349,-205089.47085399,-205317.72109752,0.00000000,0.00000000
6315,10,-215055.33259690,-215274.92605047,-215127.34718467,-215356.05800752,0.00000000,0.00000000
6321,10,-205001.99348755,-205224.80227098,-205082.98569512,-205315.10619606,0.00000000,0.00000000
6461,16,-204255.10673189,-204488.08831838,-204325.28751861,-204567.88175268,0.00000000,0.00000000
6462,14,-203514.32862920,-203729.64712697,-203570.02537854,-203794.32741350,0.00000000,0.00000000
6465,13,-203512.15447648,-203729.27717217,-203567.90752991,-203794.20134627,0.00000000,0.00000000
6467,9,-202751.55464438,-202964.17918524,-202792.28029105,-203013.71608636,0.00000000,0.00000000
6468,11,-203488.79901863,-203715.29545871,-203543.99536148,-203778.90455176,0.00000000,0.00000000
6472,17,-204243.94477854,-204467.56099164,-204311.47530996,-204543.80499657,0.00000000,0.00000000
6475,13,-204238.82144177,-204460.91550386,-204305.99495281,-204536.78975588,0.00000000,0.00000000
6481,15,-203518.22032699,-203732.95940085,-203574.20809743,-203797.64149146,0.00000000,0.00000000
6484,13,-203522.79178127,-203739.40352067,-203577.31045296,-203802.75495967,0.00000000,0.00000000
6487,11,-203529.80517188,-203743.58945163,-203584.60186020,-203806.87062701,0.00000000,0.00000000
6496,14,-203528.54471137,-203738.89909675,-203583.84595195,-203802.40997571,0.00000000,0.00000000
6497,12,-202769.78303805,-202978.66653371,-202810.65674483,-203027.90268256,0.00000000,0.00000000
6498,13,-203506.86738470,-203731.00077271,-203561.92874133,-203794.62737575,0.00000000,0.00000000
6505,17,-205027.26359136,-205257.43414013,-205111.86755521,-205351.74760044,0.00000000,0.00000000
6506,15,-204285.99363378,-204502.29594172,-204355.41386435,-204580.97890242,0.00000000,0.00000000
6518,12,-203522.76889598,-203736.76021637,-203577.71785549,-203800.36404850,0.00000000,0.00000000
6527,12,-204287.91929254,-204503.66433395,-204357.55603569,-204582.46595811,0.00000000,0.00000000
6543,10,-203508.78902740,-203727.52907364,-203564.67090454,-203792.42935295,0.00000000,0.00000000
6544,11,-202736.78260090,-202947.73911350,-202774.34752527,-202993.95513023,0.00000000,0.00000000
6547,13,-204251.08048968,-204476.92361654,-204317.71006203,-204552.87865600,0.00000000,0.00000000
6548,12,-203479.23665102,-203701.38242621,-203531.91714963,-203762.84951698,0.00000000,0.00000000
6558,10,-203525.62913676,-203738.19347431,-203580.68210356,-203802.43244483,0.00000000,0.00000000
6562,11,-203533.02963202,-203745.30329439,-203587.94690560,-203809.55150965,0.00000000,0.00000000
6565,10,-214367.93574079,-214581.91599191,-214430.96883949,-214654.12327647,0.00000000,0.00000000
6567,10,-226832.20977365,-227039.78602166,-226887.14121416,-227103.81063086,0.00000000,0.00000000
6591,13,-213609.24434859,-213819.75576835,-213657.96539198,-213877.06987505,0.00000000,0.00000000
6609,12,-226075.87883561,-226278.16203677,-226116.96504345,-226327.50264954,0.00000000,0.00000000
6612,19,-205023.30014407,-205255.35516185,-205106.52912467,-205348.33954178,0.00000000,0.00000000
6613,16,-204277.45024201,-204495.87444991,-204346.03787253,-204573.10160269,0.00000000,0.00000000
6616,16,-205020.33583076,-205250.47011573,-205103.77488346,-205342.83758772,0.00000000,0.00000000
6618,12,-203527.24368234,-203743.82468002,-203580.97348754,-203806.94342376,0.00000000,0.00000000
6620,14,-204266.83386467,-204493.91760391,-204334.69463652,-204571.60655491,0.00000000,0.00000000
6644,12,-213616.37089808,-213849.80294263,-213664.15493979,-213905.51666849,0.00000000,0.00000000
6660,10,-202734.50261234,-202943.45749982,-202771.99315586,-202989.39988318,0.00000000,0.00000000
6661,13,-204249.82025507,-204476.75940345,-204316.20961737,-204552.19527956,0.00000000,0.00000000
6662,12,-203475.45665629,-203693.06508237,-203527.09486652,-203753.09811579,0.00000000,0.00000000
6663,10,-212837.29330612,-213031.65133209,-212868.26251967,-213070.88972889,0.00000000,0.00000000
6666,10,-226056.78058759,-226264.62538478,-226093.74207888,-226310.58101961,0.00000000,0.00000000
6667,13,-226802.74960360,-227015.66530910,-226854.33361716,-227075.79771705,0.00000000,0.00000000
6668,12,-227544.25561162,-227767.19941010,-227610.76173895,-227842.94360090,0.00000000,0.00000000
6669,11,-226063.37552316,-226271.93703090,-226101.10133385,-226318.60646011,0.00000000,0.00000000
6670,12,-226804.19701817,-227018.13487470,-226855.83035872,-227078.39678733,0.00000000,0.00000000
6671,11,-203524.06085749,-203736.22249678,-203577.15164542,-203798.19103379,0.00000000,0.00000000
6672,13,-204267.51706619,-204490.68015431,-204335.59443175,-204568.12831540,0.00000000,0.00000000
6688,16,-205003.53915136,-205234.43083463,-205085.57278927,-205326.24647078,0.00000000,0.00000000
6689,14,-204260.82036732,-204485.53426483,-204327.77739394,-204562.19257846,0.00000000,0.00000000
6690,19,-205003.37146186,-205225.37601593,-205084.57095944,-205314.87162119,0.00000000,0.00000000
6691,16,-204261.56846591,-204479.83919115,-204327.57261906,-204555.50976700,0.00000000,0.00000000
6692,12,-202736.54832632,-202949.17307426,-202774.24341033,-202995.44883261,0.00000000,0.00000000
6695,17,-204248.22363118,-204474.54500851,-204315.01776732,-204550.27158482,0.00000000,0.00000000
6696,15,-203474.89036616,-203697.31007457,-203526.89219800,-203758.07977051,0.00000000,0.00000000
6697,16,-204247.20445453,-204470.76413526,-204313.56968139,-204545.71775770,0.00000000,0.00000000
6698,17,-204246.62868901,-204468.39138817,-204313.04975084,-204543.54315942,0.00000000,0.00000000
6723,15,-204999.04377640,-205223.10557180,-205079.76392149,-205312.71760247,0.00000000,0.00000000
6724,13,-204256.27270822,-204476.69803297,-204322.06351336,-204551.57092358,0.00000000,0.00000000
6740,13,-205001.04767938,-205228.96267483,-205082.52455645,-205319.77431339,0.00000000,0.00000000
6741,11,-204257.40239565,-204474.99899944,-204323.74997479,-204550.26588470,0.00000000,0.00000000
6742,14,-205004.98074891,-205232.27150369,-205086.16147654,-205322.78797258,0.00000000,0.00000000
6747,13,-213578.42783449,-213791.40935952,-213623.90917346,-213845.47873749,0.00000000,0.00000000
6748,11,-203489.47995484,-203698.01262221,-203539.23696299,-203757.29963048,0.00000000,0.00000000
6749,14,-205006.46424530,-205234.62775981,-205086.45329830,-205324.08053750,0.00000000,0.00000000
6750,13,-204235.16770204,-204460.59877446,-204300.33196511,-204535.25810186,0.00000000,0.00000000
6762,12,-226057.22699820,-226265.47145651,-226094.60972704,-226311.40931252,0.00000000,0.00000000
6763,15,-226802.29497260,-227020.05706961,-226854.73415774,-227081.30977112,0.00000000,0.00000000
6786,14,-214345.22098321,-214560.46357737,-214406.02565309,-214630.14246468,0.00000000,0.00000000
6789,15,-214343.23799514,-214564.61138709,-214403.66122690,-214634.15393139,0.00000000,0.00000000
6807,15,-226811.78102872,-227029.52986645,-226864.31514784,-227090.63760470,0.00000000,0.00000000
6820,10,-213565.71853561,-213792.92876203,-213611.98002883,-213847.61655570,0.00000000,0.00000000
6830,14,-214322.00656452,-214542.59958504,-214383.59461989,-214613.57966392,0.00000000,0.00000000
6841,14,-214300.44721600,-214522.62740384,-214360.80348256,-214592.25382687,0.00000000,0.00000000
6844,15,-214300.14732897,-214520.04451620,-214359.40339736,-214588.02365597,0.00000000,0.00000000
6953,13,-452714.66706667,-452914.59611387,-452765.13372893,-452973.63625234,0.00000000,0.00000000
